game_id,date,home,vis,time,period,mins,secs,pos,team,event,event_deets,block,steal,home_desc,vis_desc,score,home_score,vis_score
0021601068,2017-03-23,MIA,TOR,0.0,1,12,0,,,period_start,0,False,False,,,0-0,0,0
0021601068,2017-03-23,MIA,TOR,0.0,1,12,0,,MIA,jump_ball,0,False,False,Jump Ball Whiteside vs. Valanciunas: Tip to Babbitt,,0-0,0,0
0021601068,2017-03-23,MIA,TOR,0.43,1,11,34,MIA,MIA,fg3_make,1,False,False,Richardson 25' 3PT Jump Shot (3 PTS) (Whiteside 1 AST),,3-0,3,0
0021601068,2017-03-23,MIA,TOR,0.75,1,11,15,TOR,TOR,fg_make,42,False,False,,Carroll 2' Driving Layup (2 PTS) (DeRozan 1 AST),3-2,3,2
0021601068,2017-03-23,MIA,TOR,1.07,1,10,56,MIA,MIA,fg_make,108,False,False,Whiteside Cutting Dunk Shot (2 PTS) (McGruder 1 AST),,5-2,5,2
0021601068,2017-03-23,MIA,TOR,1.38,1,10,37,TOR,TOR,fg_miss,1,False,False,,MISS Tucker 12' Jump Shot,5-2,5,2
0021601068,2017-03-23,MIA,TOR,1.4,1,10,36,MIA,MIA,reb,0,False,False,Whiteside REBOUND (Off:0 Def:1),,5-2,5,2
0021601068,2017-03-23,MIA,TOR,1.53,1,10,28,MIA,MIA,fg_make,7,False,False,Whiteside Dunk (4 PTS) (Dragic 1 AST),,7-2,7,2
0021601068,2017-03-23,MIA,TOR,1.62,1,10,23,TOR,TOR,timeout,1,False,False,,Raptors Timeout: Regular (Reg.1 Short 0),7-2,7,2
0021601068,2017-03-23,MIA,TOR,1.75,1,10,15,TOR,TOR,fg_make,1,False,False,,Joseph 15' Jump Shot (2 PTS),7-4,7,4
0021601068,2017-03-23,MIA,TOR,2.05,1,9,57,MIA,MIA,fg3_miss,1,False,False,MISS Babbitt 25' 3PT Jump Shot,,7-4,7,4
0021601068,2017-03-23,MIA,TOR,2.07,1,9,56,MIA,MIA,reb,0,False,False,Whiteside REBOUND (Off:1 Def:1),,7-4,7,4
0021601068,2017-03-23,MIA,TOR,2.2,1,9,48,MIA,MIA,fg_make,44,False,False,Dragic 2' Reverse Layup (2 PTS) (Whiteside 2 AST),,9-4,9,4
0021601068,2017-03-23,MIA,TOR,2.4,1,9,36,TOR,MIA,foul,2,False,False,McGruder S.FOUL (P1.T1) (A.Smith),,9-4,9,4
0021601068,2017-03-23,MIA,TOR,2.4,1,9,36,TOR,TOR,ft_make,11,False,False,,DeRozan Free Throw 1 of 2 (1 PTS),9-5,9,5
0021601068,2017-03-23,MIA,TOR,2.4,1,9,36,TOR,TOR,ft_miss,12,False,False,,MISS DeRozan Free Throw 2 of 2,9-5,9,5
0021601068,2017-03-23,MIA,TOR,2.42,1,9,35,MIA,MIA,reb,0,False,False,Whiteside REBOUND (Off:1 Def:2),,9-5,9,5
0021601068,2017-03-23,MIA,TOR,2.57,1,9,26,MIA,MIA,fg_miss,42,False,False,MISS Richardson 1' Driving Layup,,9-5,9,5
0021601068,2017-03-23,MIA,TOR,2.58,1,9,25,TOR,TOR,reb,0,False,False,,Tucker REBOUND (Off:0 Def:1),9-5,9,5
0021601068,2017-03-23,MIA,TOR,2.78,1,9,13,TOR,TOR,fg3_miss,1,False,False,,MISS Carroll 3PT Jump Shot,9-5,9,5
0021601068,2017-03-23,MIA,TOR,2.8,1,9,12,MIA,MIA,reb,0,False,False,HEAT Rebound,,9-5,9,5
0021601068,2017-03-23,MIA,TOR,3.13,1,8,52,MIA,MIA,fg3_make,1,False,False,McGruder 25' 3PT Jump Shot (3 PTS) (Dragic 2 AST),,12-5,12,5
0021601068,2017-03-23,MIA,TOR,3.32,1,8,41,TOR,TOR,tov,1,False,True,,Joseph Bad Pass Turnover (P1.T1),12-5,12,5
0021601068,2017-03-23,MIA,TOR,3.32,1,8,41,TOR,MIA,steal,1,False,True,steal,steal,12-5,12,5
0021601068,2017-03-23,MIA,TOR,3.45,1,8,33,MIA,MIA,fg_make,1,False,False,Dragic 16' Jump Shot (4 PTS),,14-5,14,5
0021601068,2017-03-23,MIA,TOR,3.78,1,8,13,TOR,TOR,fg_miss,47,False,False,,MISS Joseph 13' Turnaround Jump Shot,14-5,14,5
0021601068,2017-03-23,MIA,TOR,3.8,1,8,12,MIA,MIA,reb,0,False,False,Dragic REBOUND (Off:0 Def:1),,14-5,14,5
0021601068,2017-03-23,MIA,TOR,3.9,1,8,6,MIA,MIA,fg_miss,41,False,False,MISS Dragic 2' Running Layup,,14-5,14,5
0021601068,2017-03-23,MIA,TOR,3.92,1,8,5,TOR,TOR,reb,0,False,False,,Joseph REBOUND (Off:0 Def:1),14-5,14,5
0021601068,2017-03-23,MIA,TOR,4.08,1,7,55,TOR,TOR,fg_make,1,False,False,,DeRozan 14' Jump Shot (3 PTS),14-7,14,7
0021601068,2017-03-23,MIA,TOR,4.35,1,7,39,MIA,MIA,fg_miss,1,False,False,MISS Dragic 7' Jump Shot,,14-7,14,7
0021601068,2017-03-23,MIA,TOR,4.37,1,7,38,TOR,TOR,reb,0,False,False,,Joseph REBOUND (Off:0 Def:2),14-7,14,7
0021601068,2017-03-23,MIA,TOR,4.62,1,7,23,TOR,TOR,fg_miss,5,True,False,,MISS Valanciunas 2' Layup,14-7,14,7
0021601068,2017-03-23,MIA,TOR,4.62,1,7,23,TOR,MIA,block,5,True,False,block,block,14-7,14,7
0021601068,2017-03-23,MIA,TOR,4.63,1,7,22,TOR,TOR,reb,0,False,False,,Tucker REBOUND (Off:1 Def:1),14-7,14,7
0021601068,2017-03-23,MIA,TOR,4.7,1,7,18,TOR,TOR,tov,4,False,False,,Tucker Traveling Turnover (P1.T2),14-7,14,7
0021601068,2017-03-23,MIA,TOR,4.97,1,7,2,MIA,MIA,fg_miss,42,False,False,MISS Dragic Driving Layup,,14-7,14,7
0021601068,2017-03-23,MIA,TOR,4.98,1,7,1,MIA,MIA,reb,0,False,False,Whiteside REBOUND (Off:2 Def:2),,14-7,14,7
0021601068,2017-03-23,MIA,TOR,5.07,1,6,56,MIA,MIA,fg_miss,85,False,False,MISS Whiteside 6' Turnaround Bank Shot,,14-7,14,7
0021601068,2017-03-23,MIA,TOR,5.08,1,6,55,TOR,TOR,reb,0,False,False,,DeRozan REBOUND (Off:0 Def:1),14-7,14,7
0021601068,2017-03-23,MIA,TOR,5.13,1,6,52,TOR,TOR,fg_make,41,False,False,,DeRozan 2' Running Layup (5 PTS),14-9,14,9
0021601068,2017-03-23,MIA,TOR,5.13,1,6,52,TOR,MIA,foul,2,False,False,Babbitt S.FOUL (P1.T2) (M.Lindsay),,14-9,14,9
0021601068,2017-03-23,MIA,TOR,5.13,1,6,52,TOR,TOR,ft_make,10,False,False,,DeRozan Free Throw 1 of 1 (6 PTS),14-10,14,10
0021601068,2017-03-23,MIA,TOR,5.33,1,6,40,MIA,MIA,fg3_make,1,False,False,McGruder 26' 3PT Jump Shot (6 PTS) (Dragic 3 AST),,17-10,17,10
0021601068,2017-03-23,MIA,TOR,5.55,1,6,27,TOR,TOR,fg3_miss,1,False,False,,MISS Carroll 24' 3PT Jump Shot,17-10,17,10
0021601068,2017-03-23,MIA,TOR,5.57,1,6,26,MIA,MIA,reb,0,False,False,Dragic REBOUND (Off:0 Def:2),,17-10,17,10
0021601068,2017-03-23,MIA,TOR,5.77,1,6,14,MIA,MIA,fg_miss,42,True,False,MISS Whiteside 2' Driving Layup,,17-10,17,10
0021601068,2017-03-23,MIA,TOR,5.77,1,6,14,MIA,TOR,block,42,True,False,block,block,17-10,17,10
0021601068,2017-03-23,MIA,TOR,5.78,1,6,13,MIA,MIA,reb,0,False,False,HEAT Rebound,,17-10,17,10
0021601068,2017-03-23,MIA,TOR,5.88,1,6,7,MIA,TOR,foul,2,False,False,,Joseph S.FOUL (P1.T1) (M.Lindsay),17-10,17,10
0021601068,2017-03-23,MIA,TOR,5.88,1,6,7,MIA,MIA,ft_make,11,False,False,Dragic Free Throw 1 of 2 (5 PTS),,18-10,18,10
0021601068,2017-03-23,MIA,TOR,5.88,1,6,7,MIA,MIA,ft_make,12,False,False,Dragic Free Throw 2 of 2 (6 PTS),,19-10,19,10
0021601068,2017-03-23,MIA,TOR,6.15,1,5,51,TOR,TOR,fg_miss,42,False,False,,MISS Joseph 2' Driving Layup,19-10,19,10
0021601068,2017-03-23,MIA,TOR,6.17,1,5,50,TOR,TOR,reb,0,False,False,,Powell REBOUND (Off:1 Def:0),19-10,19,10
0021601068,2017-03-23,MIA,TOR,6.37,1,5,38,TOR,TOR,fg_miss,47,False,False,,MISS Patterson 11' Turnaround Jump Shot,19-10,19,10
0021601068,2017-03-23,MIA,TOR,6.38,1,5,37,MIA,MIA,reb,0,False,False,Reed REBOUND (Off:0 Def:1),,19-10,19,10
0021601068,2017-03-23,MIA,TOR,6.52,1,5,29,MIA,MIA,tov,1,False,True,T. Johnson Bad Pass Turnover (P1.T1),,19-10,19,10
0021601068,2017-03-23,MIA,TOR,6.52,1,5,29,MIA,TOR,steal,1,False,True,steal,steal,19-10,19,10
0021601068,2017-03-23,MIA,TOR,6.67,1,5,20,TOR,TOR,fg_make,42,False,False,,DeRozan 2' Driving Layup (8 PTS),19-12,19,12
0021601068,2017-03-23,MIA,TOR,6.7,1,5,18,MIA,MIA,tov,39,False,False,Babbitt Step Out of Bounds Turnover (P1.T2),,19-12,19,12
0021601068,2017-03-23,MIA,TOR,6.88,1,5,7,TOR,TOR,tov,2,False,True,,Joseph Lost Ball Turnover (P2.T3),19-12,19,12
0021601068,2017-03-23,MIA,TOR,6.88,1,5,7,TOR,MIA,steal,2,False,True,steal,steal,19-12,19,12
0021601068,2017-03-23,MIA,TOR,6.97,1,5,2,MIA,MIA,fg_make,50,False,False,McGruder Running Dunk (8 PTS) (Dragic 4 AST),,21-12,21,12
0021601068,2017-03-23,MIA,TOR,7.3,1,4,42,TOR,TOR,fg_make,79,False,False,,DeRozan 18' Pullup Jump Shot (10 PTS),21-14,21,14
0021601068,2017-03-23,MIA,TOR,7.5,1,4,30,MIA,MIA,fg3_miss,1,False,False,MISS Babbitt 26' 3PT Jump Shot,,21-14,21,14
0021601068,2017-03-23,MIA,TOR,7.52,1,4,29,TOR,TOR,reb,0,False,False,,Powell REBOUND (Off:1 Def:1),21-14,21,14
0021601068,2017-03-23,MIA,TOR,7.62,1,4,23,TOR,TOR,fg_miss,42,False,False,,MISS Powell 2' Driving Layup,21-14,21,14
0021601068,2017-03-23,MIA,TOR,7.63,1,4,22,TOR,TOR,reb,0,False,False,,Raptors Rebound,21-14,21,14
0021601068,2017-03-23,MIA,TOR,7.65,1,4,21,TOR,MIA,foul,3,False,False,Babbitt L.B.FOUL (P2.T3) (R.Mott),,21-14,21,14
0021601068,2017-03-23,MIA,TOR,7.95,1,4,3,TOR,TOR,fg_make,79,False,False,,DeRozan 19' Pullup Jump Shot (12 PTS),21-16,21,16
0021601068,2017-03-23,MIA,TOR,8.07,1,3,56,MIA,MIA,timeout,1,False,False,HEAT Timeout: Regular (Full 1 Short 0),,21-16,21,16
0021601068,2017-03-23,MIA,TOR,8.22,1,3,47,MIA,MIA,fg_make,52,False,False,Reed Alley Oop Dunk (2 PTS) (McGruder 2 AST),,23-16,23,16
0021601068,2017-03-23,MIA,TOR,8.53,1,3,28,TOR,TOR,fg_miss,47,False,False,,MISS DeRozan 16' Turnaround Jump Shot,23-16,23,16
0021601068,2017-03-23,MIA,TOR,8.55,1,3,27,MIA,MIA,reb,0,False,False,J. Johnson REBOUND (Off:0 Def:1),,23-16,23,16
0021601068,2017-03-23,MIA,TOR,8.7,1,3,18,MIA,MIA,fg3_make,1,False,False,Dragic 25' 3PT Jump Shot (9 PTS) (J. Johnson 1 AST),,26-16,26,16
0021601068,2017-03-23,MIA,TOR,8.95,1,3,3,TOR,TOR,tov,4,False,False,,Joseph Traveling Turnover (P3.T4),26-16,26,16
0021601068,2017-03-23,MIA,TOR,9.27,1,2,44,MIA,MIA,fg_miss,5,True,False,MISS Reed 2' Layup,,26-16,26,16
0021601068,2017-03-23,MIA,TOR,9.27,1,2,44,MIA,TOR,block,5,True,False,block,block,26-16,26,16
0021601068,2017-03-23,MIA,TOR,9.28,1,2,43,TOR,TOR,reb,0,False,False,,Patterson REBOUND (Off:0 Def:1),26-16,26,16
0021601068,2017-03-23,MIA,TOR,9.47,1,2,32,TOR,TOR,fg_make,47,False,False,,DeRozan 12' Turnaround Jump Shot (14 PTS),26-18,26,18
0021601068,2017-03-23,MIA,TOR,9.72,1,2,17,MIA,MIA,fg_make,3,False,False,Reed 7' Hook Shot (4 PTS) (Dragic 5 AST),,28-18,28,18
0021601068,2017-03-23,MIA,TOR,10.13,1,1,52,TOR,TOR,fg3_miss,1,False,False,,MISS Joseph 24' 3PT Jump Shot,28-18,28,18
0021601068,2017-03-23,MIA,TOR,10.15,1,1,51,MIA,MIA,reb,0,False,False,Dragic REBOUND (Off:0 Def:3),,28-18,28,18
0021601068,2017-03-23,MIA,TOR,10.35,1,1,39,MIA,MIA,fg_make,47,False,False,Reed 5' Turnaround Jump Shot (6 PTS) (T. Johnson 1 AST),,30-18,30,18
0021601068,2017-03-23,MIA,TOR,10.43,1,1,34,MIA,TOR,foul,26,False,False,,Powell Offensive Charge Foul (P1) (M.Lindsay),30-18,30,18
0021601068,2017-03-23,MIA,TOR,10.43,1,1,34,TOR,TOR,tov,5,False,False,,Powell Foul Turnover (P1.T5),30-18,30,18
0021601068,2017-03-23,MIA,TOR,10.57,1,1,26,MIA,MIA,fg_make,66,False,False,T. Johnson 7' Jump Bank Shot (2 PTS),,32-18,32,18
0021601068,2017-03-23,MIA,TOR,10.57,1,1,26,MIA,TOR,foul,2,False,False,,Tucker S.FOUL (P1.T2) (R.Mott),32-18,32,18
0021601068,2017-03-23,MIA,TOR,10.57,1,1,26,MIA,MIA,ft_make,10,False,False,T. Johnson Free Throw 1 of 1 (3 PTS),,33-18,33,18
0021601068,2017-03-23,MIA,TOR,10.9,1,1,6,TOR,TOR,fg_make,79,False,False,,Powell 17' Pullup Jump Shot (2 PTS),33-20,33,20
0021601068,2017-03-23,MIA,TOR,11.08,1,0,55,MIA,MIA,tov,1,False,True,J. Johnson Bad Pass Turnover (P1.T3),,33-20,33,20
0021601068,2017-03-23,MIA,TOR,11.08,1,0,55,MIA,TOR,steal,1,False,True,steal,steal,33-20,33,20
0021601068,2017-03-23,MIA,TOR,11.13,1,0,52,TOR,TOR,tov,4,False,False,,Powell Traveling Turnover (P2.T6),33-20,33,20
0021601068,2017-03-23,MIA,TOR,11.4,1,0,36,MIA,MIA,fg_miss,75,False,False,MISS T. Johnson 3' Driving Finger Roll Layup,,33-20,33,20
0021601068,2017-03-23,MIA,TOR,11.42,1,0,35,TOR,TOR,reb,0,False,False,,Wright REBOUND (Off:0 Def:1),33-20,33,20
0021601068,2017-03-23,MIA,TOR,11.53,1,0,28,TOR,TOR,fg3_make,1,False,False,,Powell 25' 3PT Jump Shot (5 PTS) (Tucker 1 AST),33-23,33,23
0021601068,2017-03-23,MIA,TOR,11.85,1,0,9,MIA,MIA,fg_miss,1,False,False,MISS J. Johnson 11' Jump Shot,,33-23,33,23
0021601068,2017-03-23,MIA,TOR,11.88,1,0,7,TOR,TOR,reb,0,False,False,,Raptors Rebound,33-23,33,23
0021601068,2017-03-23,MIA,TOR,11.88,1,0,7,TOR,MIA,foul,3,False,False,Reed L.B.FOUL (P1.T4) (M.Lindsay),,33-23,33,23
0021601068,2017-03-23,MIA,TOR,12.0,1,0,0,TOR,TOR,fg3_miss,1,False,False,,MISS Tucker 24' 3PT Jump Shot,33-23,33,23
0021601068,2017-03-23,MIA,TOR,12.0,1,0,0,TOR,TOR,reb,0,False,False,,Raptors Rebound,33-23,33,23
0021601068,2017-03-23,MIA,TOR,12.0,1,0,0,TOR,,period_end,0,False,False,,,33-23,33,23
0021601068,2017-03-23,MIA,TOR,12.0,2,12,0,TOR,,period_start,0,False,False,,,33-23,33,23
0021601068,2017-03-23,MIA,TOR,12.4,2,11,36,TOR,TOR,fg3_miss,1,False,False,,MISS Patterson 24' 3PT Jump Shot,33-23,33,23
0021601068,2017-03-23,MIA,TOR,12.42,2,11,35,MIA,MIA,reb,0,False,False,J. Johnson REBOUND (Off:0 Def:2),,33-23,33,23
0021601068,2017-03-23,MIA,TOR,12.8,2,11,12,MIA,MIA,fg3_miss,1,False,False,MISS J. Johnson 25' 3PT Jump Shot,,33-23,33,23
0021601068,2017-03-23,MIA,TOR,12.82,2,11,11,TOR,TOR,reb,0,False,False,,Wright REBOUND (Off:0 Def:2),33-23,33,23
0021601068,2017-03-23,MIA,TOR,13.12,2,10,53,TOR,MIA,foul,1,False,False,Richardson P.FOUL (P1.T1) (M.Lindsay),,33-23,33,23
0021601068,2017-03-23,MIA,TOR,13.32,2,10,41,MIA,TOR,foul,4,False,False,,Poeltl OFF.Foul (P1) (R.Mott),33-23,33,23
0021601068,2017-03-23,MIA,TOR,13.32,2,10,41,TOR,TOR,tov,5,False,False,,Poeltl Foul Turnover (P1.T7),33-23,33,23
0021601068,2017-03-23,MIA,TOR,13.58,2,10,25,MIA,MIA,fg_make,49,False,False,T. Johnson Driving Dunk (5 PTS) (Reed 1 AST),,35-23,35,23
0021601068,2017-03-23,MIA,TOR,13.8,2,10,12,TOR,MIA,foul,2,False,False,T. Johnson S.FOUL (P1.T2) (A.Smith),,35-23,35,23
0021601068,2017-03-23,MIA,TOR,13.8,2,10,12,TOR,TOR,ft_make,11,False,False,,Wright Free Throw 1 of 2 (1 PTS),35-24,35,24
0021601068,2017-03-23,MIA,TOR,13.8,2,10,12,TOR,TOR,ft_miss,12,False,False,,MISS Wright Free Throw 2 of 2,35-24,35,24
0021601068,2017-03-23,MIA,TOR,13.82,2,10,11,MIA,MIA,reb,0,False,False,Whiteside REBOUND (Off:2 Def:3),,35-24,35,24
0021601068,2017-03-23,MIA,TOR,14.07,2,9,56,MIA,MIA,tov,1,False,True,J. Johnson Bad Pass Turnover (P2.T4),,35-24,35,24
0021601068,2017-03-23,MIA,TOR,14.07,2,9,56,MIA,TOR,steal,1,False,True,steal,steal,35-24,35,24
0021601068,2017-03-23,MIA,TOR,14.5,2,9,30,TOR,TOR,fg3_miss,1,False,False,,MISS Powell 25' 3PT Jump Shot,35-24,35,24
0021601068,2017-03-23,MIA,TOR,14.52,2,9,29,MIA,MIA,reb,0,False,False,J. Johnson REBOUND (Off:0 Def:3),,35-24,35,24
0021601068,2017-03-23,MIA,TOR,14.6,2,9,24,MIA,MIA,fg_miss,46,False,False,MISS J. Johnson 12' Running Jump Shot,,35-24,35,24
0021601068,2017-03-23,MIA,TOR,14.62,2,9,23,TOR,TOR,reb,0,False,False,,Wright REBOUND (Off:0 Def:3),35-24,35,24
0021601068,2017-03-23,MIA,TOR,14.77,2,9,14,TOR,TOR,fg3_make,1,False,False,,Tucker 24' 3PT Jump Shot (3 PTS) (Wright 1 AST),35-27,35,27
0021601068,2017-03-23,MIA,TOR,15.07,2,8,56,MIA,TOR,foul,2,False,False,,Poeltl S.FOUL (P2.T1) (M.Lindsay),35-27,35,27
0021601068,2017-03-23,MIA,TOR,15.07,2,8,56,MIA,,timeout,4,False,False,,,35-27,35,27
0021601068,2017-03-23,MIA,TOR,15.07,2,8,56,MIA,MIA,ft_make,11,False,False,Richardson Free Throw 1 of 2 (4 PTS),,36-27,36,27
0021601068,2017-03-23,MIA,TOR,15.07,2,8,56,MIA,MIA,ft_miss,12,False,False,MISS Richardson Free Throw 2 of 2,,36-27,36,27
0021601068,2017-03-23,MIA,TOR,15.08,2,8,55,TOR,TOR,reb,0,False,False,,Patterson REBOUND (Off:0 Def:2),36-27,36,27
0021601068,2017-03-23,MIA,TOR,15.33,2,8,40,TOR,MIA,foul,2,False,False,T. Johnson S.FOUL (P2.T3) (M.Lindsay),,36-27,36,27
0021601068,2017-03-23,MIA,TOR,15.33,2,8,40,TOR,TOR,ft_miss,11,False,False,,MISS Wright Free Throw 1 of 2,36-27,36,27
0021601068,2017-03-23,MIA,TOR,15.33,2,8,40,TOR,TOR,reb,1,False,False,,Raptors Rebound,36-27,36,27
0021601068,2017-03-23,MIA,TOR,15.33,2,8,40,TOR,TOR,ft_make,12,False,False,,Wright Free Throw 2 of 2 (2 PTS),36-28,36,28
0021601068,2017-03-23,MIA,TOR,15.35,2,8,39,MIA,MIA,tov,4,False,False,T. Johnson Traveling Turnover (P2.T5),,36-28,36,28
0021601068,2017-03-23,MIA,TOR,15.42,2,8,35,TOR,MIA,foul,1,False,False,T. Johnson P.FOUL (P3.T4) (M.Lindsay),,36-28,36,28
0021601068,2017-03-23,MIA,TOR,15.62,2,8,23,TOR,TOR,fg3_miss,1,False,False,,MISS Patterson 25' 3PT Jump Shot,36-28,36,28
0021601068,2017-03-23,MIA,TOR,15.63,2,8,22,MIA,MIA,reb,0,False,False,Ellington REBOUND (Off:0 Def:1),,36-28,36,28
0021601068,2017-03-23,MIA,TOR,15.98,2,8,1,MIA,MIA,fg3_miss,1,False,False,MISS Richardson 24' 3PT Jump Shot,,36-28,36,28
0021601068,2017-03-23,MIA,TOR,16.0,2,8,0,TOR,TOR,reb,0,False,False,,Patterson REBOUND (Off:0 Def:3),36-28,36,28
0021601068,2017-03-23,MIA,TOR,16.2,2,7,48,TOR,TOR,fg_miss,5,True,False,,MISS Poeltl 2' Layup,36-28,36,28
0021601068,2017-03-23,MIA,TOR,16.2,2,7,48,TOR,MIA,block,5,True,False,block,block,36-28,36,28
0021601068,2017-03-23,MIA,TOR,16.22,2,7,47,TOR,TOR,reb,0,False,False,,Raptors Rebound,36-28,36,28
0021601068,2017-03-23,MIA,TOR,16.35,2,7,39,TOR,TOR,fg_make,1,False,False,,Patterson 11' Jump Shot (2 PTS) (Wright 2 AST),36-30,36,30
0021601068,2017-03-23,MIA,TOR,16.58,2,7,25,MIA,TOR,foul,2,False,False,,Patterson S.FOUL (P1.T2) (M.Lindsay),36-30,36,30
0021601068,2017-03-23,MIA,TOR,16.58,2,7,25,MIA,MIA,ft_make,11,False,False,Whiteside Free Throw 1 of 2 (5 PTS),,37-30,37,30
0021601068,2017-03-23,MIA,TOR,16.58,2,7,25,MIA,MIA,ft_make,12,False,False,Whiteside Free Throw 2 of 2 (6 PTS),,38-30,38,30
0021601068,2017-03-23,MIA,TOR,16.75,2,7,15,TOR,TOR,fg_make,49,False,False,,Powell Driving Dunk (7 PTS),38-32,38,32
0021601068,2017-03-23,MIA,TOR,16.88,2,7,7,MIA,MIA,timeout,1,False,False,HEAT Timeout: Regular (Full 2 Short 0),,38-32,38,32
0021601068,2017-03-23,MIA,TOR,17.17,2,6,50,MIA,MIA,fg_miss,1,False,False,MISS Dragic 22' Jump Shot,,38-32,38,32
0021601068,2017-03-23,MIA,TOR,17.18,2,6,49,MIA,MIA,reb,0,False,False,HEAT Rebound,,38-32,38,32
0021601068,2017-03-23,MIA,TOR,17.18,2,6,49,MIA,TOR,foul,3,False,False,,Carroll L.B.FOUL (P1.T3) (R.Mott),38-32,38,32
0021601068,2017-03-23,MIA,TOR,17.38,2,6,37,MIA,MIA,fg3_miss,1,False,False,MISS Ellington 25' 3PT Jump Shot,,38-32,38,32
0021601068,2017-03-23,MIA,TOR,17.4,2,6,36,TOR,TOR,reb,0,False,False,,Raptors Rebound,38-32,38,32
0021601068,2017-03-23,MIA,TOR,17.4,2,6,36,TOR,MIA,foul,3,False,False,White L.B.FOUL (P1.PN) (R.Mott),,38-32,38,32
0021601068,2017-03-23,MIA,TOR,17.4,2,6,36,TOR,TOR,ft_make,11,False,False,,DeRozan Free Throw 1 of 2 (15 PTS),38-33,38,33
0021601068,2017-03-23,MIA,TOR,17.4,2,6,36,TOR,TOR,ft_make,12,False,False,,DeRozan Free Throw 2 of 2 (16 PTS),38-34,38,34
0021601068,2017-03-23,MIA,TOR,17.75,2,6,15,MIA,MIA,fg_miss,78,False,False,MISS McGruder 13' Floating Jump Shot,,38-34,38,34
0021601068,2017-03-23,MIA,TOR,17.78,2,6,13,MIA,MIA,reb,0,False,False,HEAT Rebound,,38-34,38,34
0021601068,2017-03-23,MIA,TOR,17.78,2,6,13,TOR,MIA,foul,3,False,False,Whiteside L.B.FOUL (P1.PN) (A.Smith),,38-34,38,34
0021601068,2017-03-23,MIA,TOR,17.78,2,6,13,TOR,TOR,ft_miss,11,False,False,,MISS Valanciunas Free Throw 1 of 2,38-34,38,34
0021601068,2017-03-23,MIA,TOR,17.78,2,6,13,TOR,TOR,reb,1,False,False,,Raptors Rebound,38-34,38,34
0021601068,2017-03-23,MIA,TOR,17.78,2,6,13,TOR,TOR,ft_miss,12,False,False,,MISS Valanciunas Free Throw 2 of 2,38-34,38,34
0021601068,2017-03-23,MIA,TOR,17.8,2,6,12,MIA,MIA,reb,0,False,False,White REBOUND (Off:0 Def:1),,38-34,38,34
0021601068,2017-03-23,MIA,TOR,17.92,2,6,5,MIA,TOR,foul,1,False,False,,Wright P.FOUL (P1.T4) (M.Lindsay),38-34,38,34
0021601068,2017-03-23,MIA,TOR,18.17,2,5,50,MIA,MIA,tov,1,False,True,McGruder Bad Pass Turnover (P1.T6),,38-34,38,34
0021601068,2017-03-23,MIA,TOR,18.17,2,5,50,MIA,TOR,steal,1,False,True,steal,steal,38-34,38,34
0021601068,2017-03-23,MIA,TOR,18.32,2,5,41,TOR,TOR,tov,13,False,False,,Powell Backcourt Turnover (P3.T8),38-34,38,34
0021601068,2017-03-23,MIA,TOR,18.48,2,5,31,MIA,MIA,tov,1,False,True,Dragic Bad Pass Turnover (P1.T7),,38-34,38,34
0021601068,2017-03-23,MIA,TOR,18.48,2,5,31,MIA,TOR,steal,1,False,True,steal,steal,38-34,38,34
0021601068,2017-03-23,MIA,TOR,18.9,2,5,6,TOR,TOR,fg3_miss,1,False,False,,MISS Powell 25' 3PT Jump Shot,38-34,38,34
0021601068,2017-03-23,MIA,TOR,18.92,2,5,5,MIA,MIA,reb,0,False,False,Dragic REBOUND (Off:0 Def:4),,38-34,38,34
0021601068,2017-03-23,MIA,TOR,19.12,2,4,53,MIA,MIA,fg3_miss,1,False,False,MISS J. Johnson 25' 3PT Jump Shot,,38-34,38,34
0021601068,2017-03-23,MIA,TOR,19.13,2,4,52,TOR,TOR,reb,0,False,False,,Powell REBOUND (Off:1 Def:2),38-34,38,34
0021601068,2017-03-23,MIA,TOR,19.43,2,4,34,TOR,TOR,fg_miss,47,False,False,,MISS DeRozan 18' Turnaround Jump Shot,38-34,38,34
0021601068,2017-03-23,MIA,TOR,19.45,2,4,33,MIA,MIA,reb,0,False,False,Whiteside REBOUND (Off:2 Def:4),,38-34,38,34
0021601068,2017-03-23,MIA,TOR,19.62,2,4,23,MIA,MIA,fg_miss,78,False,False,MISS Dragic 12' Floating Jump Shot,,38-34,38,34
0021601068,2017-03-23,MIA,TOR,19.63,2,4,22,TOR,TOR,reb,0,False,False,,Joseph REBOUND (Off:0 Def:3),38-34,38,34
0021601068,2017-03-23,MIA,TOR,19.78,2,4,13,TOR,TOR,fg3_miss,1,False,False,,MISS Powell 3PT Jump Shot,38-34,38,34
0021601068,2017-03-23,MIA,TOR,19.8,2,4,12,MIA,MIA,reb,0,False,False,McGruder REBOUND (Off:0 Def:1),,38-34,38,34
0021601068,2017-03-23,MIA,TOR,19.85,2,4,9,MIA,TOR,foul,1,False,False,,Tucker P.FOUL (P2.PN) (M.Lindsay),38-34,38,34
0021601068,2017-03-23,MIA,TOR,19.85,2,4,9,MIA,MIA,ft_make,11,False,False,J. Johnson Free Throw 1 of 2 (1 PTS),,39-34,39,34
0021601068,2017-03-23,MIA,TOR,19.85,2,4,9,MIA,MIA,ft_make,12,False,False,J. Johnson Free Throw 2 of 2 (2 PTS),,40-34,40,34
0021601068,2017-03-23,MIA,TOR,19.95,2,4,3,TOR,TOR,timeout,1,False,False,,Raptors Timeout: Regular (Reg.2 Short 0),40-34,40,34
0021601068,2017-03-23,MIA,TOR,20.07,2,3,56,TOR,MIA,foul,2,False,False,Whiteside S.FOUL (P2.PN) (M.Lindsay),,40-34,40,34
0021601068,2017-03-23,MIA,TOR,20.07,2,3,56,TOR,TOR,ft_make,11,False,False,,DeRozan Free Throw 1 of 2 (17 PTS),40-35,40,35
0021601068,2017-03-23,MIA,TOR,20.07,2,3,56,TOR,TOR,ft_make,12,False,False,,DeRozan Free Throw 2 of 2 (18 PTS),40-36,40,36
0021601068,2017-03-23,MIA,TOR,20.32,2,3,41,MIA,MIA,fg_miss,79,False,False,MISS Dragic 12' Pullup Jump Shot,,40-36,40,36
0021601068,2017-03-23,MIA,TOR,20.33,2,3,40,TOR,TOR,reb,0,False,False,,Valanciunas REBOUND (Off:0 Def:1),40-36,40,36
0021601068,2017-03-23,MIA,TOR,20.35,2,3,39,MIA,TOR,foul,4,False,False,,Valanciunas OFF.Foul (P1) (R.Mott),40-36,40,36
0021601068,2017-03-23,MIA,TOR,20.35,2,3,39,TOR,TOR,tov,5,False,False,,Valanciunas Foul Turnover (P1.T9),40-36,40,36
0021601068,2017-03-23,MIA,TOR,20.63,2,3,22,MIA,TOR,foul,1,False,False,,Valanciunas P.FOUL (P2.PN) (M.Lindsay),40-36,40,36
0021601068,2017-03-23,MIA,TOR,20.63,2,3,22,MIA,MIA,ft_make,11,False,False,McGruder Free Throw 1 of 2 (9 PTS),,41-36,41,36
0021601068,2017-03-23,MIA,TOR,20.63,2,3,22,MIA,MIA,ft_miss,12,False,False,MISS McGruder Free Throw 2 of 2,,41-36,41,36
0021601068,2017-03-23,MIA,TOR,20.65,2,3,21,TOR,TOR,reb,0,False,False,,Tucker REBOUND (Off:1 Def:2),41-36,41,36
0021601068,2017-03-23,MIA,TOR,20.88,2,3,7,TOR,TOR,fg_make,79,False,False,,DeRozan 16' Pullup Jump Shot (20 PTS),41-38,41,38
0021601068,2017-03-23,MIA,TOR,21.07,2,2,56,MIA,MIA,fg_make,78,False,False,J. Johnson 4' Floating Jump Shot (4 PTS),,43-38,43,38
0021601068,2017-03-23,MIA,TOR,21.07,2,2,56,MIA,TOR,foul,2,False,False,,Joseph S.FOUL (P2.PN) (R.Mott),43-38,43,38
0021601068,2017-03-23,MIA,TOR,21.07,2,2,56,MIA,MIA,ft_miss,10,False,False,MISS J. Johnson Free Throw 1 of 1,,43-38,43,38
0021601068,2017-03-23,MIA,TOR,21.08,2,2,55,TOR,TOR,reb,0,False,False,,Valanciunas REBOUND (Off:0 Def:2),43-38,43,38
0021601068,2017-03-23,MIA,TOR,21.25,2,2,45,MIA,TOR,foul,4,False,False,,Valanciunas OFF.Foul (P3) (R.Mott),43-38,43,38
0021601068,2017-03-23,MIA,TOR,21.25,2,2,45,TOR,TOR,tov,5,False,False,,Valanciunas Foul Turnover (P2.T10),43-38,43,38
0021601068,2017-03-23,MIA,TOR,21.65,2,2,21,MIA,MIA,tov,11,False,False,HEAT Turnover: Shot Clock (T#8),,43-38,43,38
0021601068,2017-03-23,MIA,TOR,21.88,2,2,7,TOR,TOR,fg_miss,1,False,False,,MISS DeRozan 20' Jump Shot,43-38,43,38
0021601068,2017-03-23,MIA,TOR,21.9,2,2,6,MIA,MIA,reb,0,False,False,Whiteside REBOUND (Off:2 Def:5),,43-38,43,38
0021601068,2017-03-23,MIA,TOR,22.12,2,1,53,MIA,MIA,fg_miss,79,False,False,MISS Richardson 17' Pullup Jump Shot,,43-38,43,38
0021601068,2017-03-23,MIA,TOR,22.13,2,1,52,MIA,MIA,reb,0,False,False,Whiteside REBOUND (Off:3 Def:5),,43-38,43,38
0021601068,2017-03-23,MIA,TOR,22.15,2,1,51,MIA,TOR,foul,1,False,False,,Carroll P.FOUL (P2.PN) (R.Mott),43-38,43,38
0021601068,2017-03-23,MIA,TOR,22.15,2,1,51,MIA,MIA,ft_make,11,False,False,Whiteside Free Throw 1 of 2 (7 PTS),,44-38,44,38
0021601068,2017-03-23,MIA,TOR,22.15,2,1,51,MIA,MIA,ft_miss,12,False,False,MISS Whiteside Free Throw 2 of 2,,44-38,44,38
0021601068,2017-03-23,MIA,TOR,22.17,2,1,50,TOR,TOR,reb,0,False,False,,DeRozan REBOUND (Off:0 Def:2),44-38,44,38
0021601068,2017-03-23,MIA,TOR,22.37,2,1,38,TOR,TOR,fg_miss,5,True,False,,MISS DeRozan 1' Layup,44-38,44,38
0021601068,2017-03-23,MIA,TOR,22.37,2,1,38,TOR,MIA,block,5,True,False,block,block,44-38,44,38
0021601068,2017-03-23,MIA,TOR,22.38,2,1,37,TOR,TOR,reb,0,False,False,,Raptors Rebound,44-38,44,38
0021601068,2017-03-23,MIA,TOR,22.53,2,1,28,TOR,TOR,fg_make,42,False,False,,DeRozan 1' Driving Layup (22 PTS),44-40,44,40
0021601068,2017-03-23,MIA,TOR,22.75,2,1,15,MIA,MIA,tov,15,False,False,Reed Offensive Goaltending Turnover (P1.T9),,44-40,44,40
0021601068,2017-03-23,MIA,TOR,23.05,2,0,57,TOR,TOR,fg3_make,1,False,False,,Joseph 24' 3PT Jump Shot (5 PTS) (DeRozan 2 AST),44-43,44,43
0021601068,2017-03-23,MIA,TOR,23.25,2,0,45,MIA,MIA,fg_miss,42,False,False,MISS J. Johnson 1' Driving Layup,,44-43,44,43
0021601068,2017-03-23,MIA,TOR,23.27,2,0,44,MIA,MIA,reb,0,False,False,HEAT Rebound,,44-43,44,43
0021601068,2017-03-23,MIA,TOR,23.28,2,0,43,MIA,TOR,foul,1,False,False,,Joseph P.FOUL (P3.PN) (M.Lindsay),44-43,44,43
0021601068,2017-03-23,MIA,TOR,23.28,2,0,43,MIA,MIA,ft_miss,11,False,False,MISS Reed Free Throw 1 of 2,,44-43,44,43
0021601068,2017-03-23,MIA,TOR,23.28,2,0,43,MIA,MIA,reb,1,False,False,HEAT Rebound,,44-43,44,43
0021601068,2017-03-23,MIA,TOR,23.28,2,0,43,MIA,MIA,ft_make,12,False,False,Reed Free Throw 2 of 2 (7 PTS),,45-43,45,43
0021601068,2017-03-23,MIA,TOR,23.4,2,0,36,TOR,MIA,foul,2,False,False,J. Johnson S.FOUL (P1.PN) (R.Mott),,45-43,45,43
0021601068,2017-03-23,MIA,TOR,23.4,2,0,36,TOR,TOR,ft_make,11,False,False,,DeRozan Free Throw 1 of 2 (23 PTS),45-44,45,44
0021601068,2017-03-23,MIA,TOR,23.4,2,0,36,TOR,TOR,ft_make,12,False,False,,DeRozan Free Throw 2 of 2 (24 PTS),45-45,45,45
0021601068,2017-03-23,MIA,TOR,23.82,2,0,11,MIA,MIA,fg3_miss,1,False,False,MISS Dragic 24' 3PT Jump Shot,,45-45,45,45
0021601068,2017-03-23,MIA,TOR,23.83,2,0,10,TOR,TOR,reb,0,False,False,,Wright REBOUND (Off:0 Def:4),45-45,45,45
0021601068,2017-03-23,MIA,TOR,23.9,2,0,6,TOR,TOR,fg_miss,41,True,False,,MISS VanVleet 2' Running Layup,45-45,45,45
0021601068,2017-03-23,MIA,TOR,23.9,2,0,6,TOR,MIA,block,41,True,False,block,block,45-45,45,45
0021601068,2017-03-23,MIA,TOR,23.92,2,0,5,TOR,TOR,reb,0,False,False,,Wright REBOUND (Off:1 Def:4),45-45,45,45
0021601068,2017-03-23,MIA,TOR,23.95,2,0,3,TOR,TOR,tov,1,False,True,,Wright Bad Pass Turnover (P1.T11),45-45,45,45
0021601068,2017-03-23,MIA,TOR,23.95,2,0,3,TOR,MIA,steal,1,False,True,steal,steal,45-45,45,45
0021601068,2017-03-23,MIA,TOR,24.0,2,0,0,MIA,MIA,fg_make,76,False,False,Dragic 2' Running Finger Roll Layup (11 PTS) (J. Johnson 2 AST),,47-45,47,45
0021601068,2017-03-23,MIA,TOR,24.0,2,0,0,MIA,,period_end,0,False,False,,,47-45,47,45
0021601068,2017-03-23,MIA,TOR,24.0,3,12,0,MIA,,period_start,0,False,False,,,47-45,47,45
0021601068,2017-03-23,MIA,TOR,24.28,3,11,43,TOR,TOR,fg_make,79,False,False,,DeRozan 15' Pullup Jump Shot (26 PTS),47-47,47,47
0021601068,2017-03-23,MIA,TOR,24.68,3,11,19,MIA,MIA,fg3_miss,1,False,False,MISS Dragic 3PT Jump Shot,,47-47,47,47
0021601068,2017-03-23,MIA,TOR,24.7,3,11,18,MIA,MIA,reb,0,False,False,McGruder REBOUND (Off:1 Def:1),,47-47,47,47
0021601068,2017-03-23,MIA,TOR,24.77,3,11,14,MIA,MIA,fg_make,66,False,False,McGruder 9' Jump Bank Shot (11 PTS),,49-47,49,47
0021601068,2017-03-23,MIA,TOR,24.92,3,11,5,TOR,TOR,fg_miss,1,False,False,,MISS Valanciunas 18' Jump Shot,49-47,49,47
0021601068,2017-03-23,MIA,TOR,24.93,3,11,4,MIA,MIA,reb,0,False,False,Dragic REBOUND (Off:0 Def:5),,49-47,49,47
0021601068,2017-03-23,MIA,TOR,25.15,3,10,51,MIA,MIA,fg_make,1,False,False,Richardson 5' Jump Shot (6 PTS),,51-47,51,47
0021601068,2017-03-23,MIA,TOR,25.32,3,10,41,TOR,MIA,foul,2,False,False,Whiteside S.FOUL (P3.T1) (M.Lindsay),,51-47,51,47
0021601068,2017-03-23,MIA,TOR,25.32,3,10,41,TOR,TOR,ft_make,11,False,False,,Valanciunas Free Throw 1 of 2 (1 PTS),51-48,51,48
0021601068,2017-03-23,MIA,TOR,25.32,3,10,41,TOR,TOR,ft_make,12,False,False,,Valanciunas Free Throw 2 of 2 (2 PTS),51-49,51,49
0021601068,2017-03-23,MIA,TOR,25.63,3,10,22,MIA,MIA,fg_make,5,False,False,Whiteside 2' Layup (9 PTS) (Dragic 6 AST),,53-49,53,49
0021601068,2017-03-23,MIA,TOR,25.93,3,10,4,TOR,TOR,fg_miss,86,False,False,,MISS Joseph 8' Turnaround Fadeaway Shot,53-49,53,49
0021601068,2017-03-23,MIA,TOR,25.95,3,10,3,MIA,MIA,reb,0,False,False,Richardson REBOUND (Off:0 Def:1),,53-49,53,49
0021601068,2017-03-23,MIA,TOR,26.15,3,9,51,MIA,MIA,fg_miss,1,False,False,MISS Richardson 12' Jump Shot,,53-49,53,49
0021601068,2017-03-23,MIA,TOR,26.22,3,9,47,MIA,MIA,reb,0,False,False,Whiteside REBOUND (Off:4 Def:5),,53-49,53,49
0021601068,2017-03-23,MIA,TOR,26.25,3,9,45,MIA,MIA,tov,2,False,True,Whiteside Lost Ball Turnover (P1.T10),,53-49,53,49
0021601068,2017-03-23,MIA,TOR,26.25,3,9,45,MIA,TOR,steal,2,False,True,steal,steal,53-49,53,49
0021601068,2017-03-23,MIA,TOR,26.28,3,9,43,TOR,TOR,tov,2,False,True,,Carroll Lost Ball Turnover (P1.T12),53-49,53,49
0021601068,2017-03-23,MIA,TOR,26.28,3,9,43,TOR,MIA,steal,2,False,True,steal,steal,53-49,53,49
0021601068,2017-03-23,MIA,TOR,26.43,3,9,34,MIA,MIA,tov,40,False,False,Dragic Out of Bounds Lost Ball Turnover (P2.T11),,53-49,53,49
0021601068,2017-03-23,MIA,TOR,26.67,3,9,20,TOR,TOR,fg_make,79,False,False,,Joseph 16' Pullup Jump Shot (7 PTS),53-51,53,51
0021601068,2017-03-23,MIA,TOR,26.97,3,9,2,MIA,MIA,fg_miss,1,False,False,MISS McGruder 12' Jump Shot,,53-51,53,51
0021601068,2017-03-23,MIA,TOR,26.98,3,9,1,TOR,TOR,reb,0,False,False,,Valanciunas REBOUND (Off:0 Def:3),53-51,53,51
0021601068,2017-03-23,MIA,TOR,27.0,3,9,0,TOR,TOR,tov,45,False,False,,Valanciunas Out of Bounds - Bad Pass Turnover Turnover (P3.T13),53-51,53,51
0021601068,2017-03-23,MIA,TOR,27.23,3,8,46,MIA,MIA,fg_make,3,False,False,Whiteside 9' Hook Shot (11 PTS) (McGruder 3 AST),,55-51,55,51
0021601068,2017-03-23,MIA,TOR,27.5,3,8,30,TOR,TOR,tov,1,False,True,,Joseph Bad Pass Turnover (P4.T14),55-51,55,51
0021601068,2017-03-23,MIA,TOR,27.5,3,8,30,TOR,MIA,steal,1,False,True,steal,steal,55-51,55,51
0021601068,2017-03-23,MIA,TOR,27.8,3,8,12,MIA,MIA,fg_miss,1,False,False,MISS Richardson 20' Jump Shot,,55-51,55,51
0021601068,2017-03-23,MIA,TOR,27.82,3,8,11,TOR,TOR,reb,0,False,False,,Valanciunas REBOUND (Off:0 Def:4),55-51,55,51
0021601068,2017-03-23,MIA,TOR,28.1,3,7,54,TOR,MIA,foul,2,False,False,Babbitt S.FOUL (P3.T2) (R.Mott),,55-51,55,51
0021601068,2017-03-23,MIA,TOR,28.1,3,7,54,TOR,TOR,ft_make,11,False,False,,DeRozan Free Throw 1 of 2 (27 PTS),55-52,55,52
0021601068,2017-03-23,MIA,TOR,28.1,3,7,54,TOR,TOR,ft_make,12,False,False,,DeRozan Free Throw 2 of 2 (28 PTS),55-53,55,53
0021601068,2017-03-23,MIA,TOR,28.35,3,7,39,MIA,MIA,fg_make,81,False,False,Dragic 13' Pullup Bank Shot (13 PTS),,57-53,57,53
0021601068,2017-03-23,MIA,TOR,28.72,3,7,17,TOR,MIA,foul,2,False,False,Richardson S.FOUL (P2.T3) (A.Smith),,57-53,57,53
0021601068,2017-03-23,MIA,TOR,28.72,3,7,17,TOR,TOR,ft_miss,11,False,False,,MISS Carroll Free Throw 1 of 2,57-53,57,53
0021601068,2017-03-23,MIA,TOR,28.72,3,7,17,TOR,TOR,reb,1,False,False,,Raptors Rebound,57-53,57,53
0021601068,2017-03-23,MIA,TOR,28.72,3,7,17,TOR,TOR,ft_make,12,False,False,,Carroll Free Throw 2 of 2 (3 PTS),57-54,57,54
0021601068,2017-03-23,MIA,TOR,28.98,3,7,1,MIA,MIA,fg_make,79,False,False,Richardson 9' Pullup Jump Shot (8 PTS),,59-54,59,54
0021601068,2017-03-23,MIA,TOR,29.18,3,6,49,TOR,TOR,fg_miss,42,False,False,,MISS Tucker 2' Driving Layup,59-54,59,54
0021601068,2017-03-23,MIA,TOR,29.2,3,6,48,MIA,MIA,reb,0,False,False,Whiteside REBOUND (Off:4 Def:6),,59-54,59,54
0021601068,2017-03-23,MIA,TOR,29.37,3,6,38,MIA,MIA,fg_miss,3,False,False,MISS Dragic 8' Hook Shot,,59-54,59,54
0021601068,2017-03-23,MIA,TOR,29.38,3,6,37,MIA,MIA,reb,0,False,False,Dragic REBOUND (Off:1 Def:5),,59-54,59,54
0021601068,2017-03-23,MIA,TOR,29.45,3,6,33,MIA,MIA,fg_miss,1,True,False,MISS Dragic 6' Jump Shot,,59-54,59,54
0021601068,2017-03-23,MIA,TOR,29.45,3,6,33,MIA,TOR,block,1,True,False,block,block,59-54,59,54
0021601068,2017-03-23,MIA,TOR,29.47,3,6,32,TOR,TOR,reb,0,False,False,,Valanciunas REBOUND (Off:0 Def:5),59-54,59,54
0021601068,2017-03-23,MIA,TOR,29.58,3,6,25,TOR,TOR,fg3_make,1,False,False,,Tucker 25' 3PT Jump Shot (6 PTS) (Joseph 1 AST),59-57,59,57
0021601068,2017-03-23,MIA,TOR,29.8,3,6,12,MIA,MIA,fg_miss,66,False,False,MISS McGruder 9' Jump Bank Shot,,59-57,59,57
0021601068,2017-03-23,MIA,TOR,29.82,3,6,11,MIA,MIA,reb,0,False,False,Whiteside REBOUND (Off:5 Def:6),,59-57,59,57
0021601068,2017-03-23,MIA,TOR,29.83,3,6,10,MIA,MIA,fg_make,97,False,False,Whiteside 1' Tip Layup Shot (13 PTS),,61-57,61,57
0021601068,2017-03-23,MIA,TOR,30.13,3,5,52,TOR,TOR,fg_miss,42,True,False,,MISS DeRozan 2' Driving Layup,61-57,61,57
0021601068,2017-03-23,MIA,TOR,30.13,3,5,52,TOR,MIA,block,42,True,False,block,block,61-57,61,57
0021601068,2017-03-23,MIA,TOR,30.15,3,5,51,MIA,MIA,reb,0,False,False,McGruder REBOUND (Off:1 Def:2),,61-57,61,57
0021601068,2017-03-23,MIA,TOR,30.23,3,5,46,MIA,MIA,fg_miss,5,False,False,MISS Dragic 2' Layup,,61-57,61,57
0021601068,2017-03-23,MIA,TOR,30.25,3,5,45,MIA,MIA,reb,0,False,False,Dragic REBOUND (Off:2 Def:5),,61-57,61,57
0021601068,2017-03-23,MIA,TOR,30.27,3,5,44,MIA,MIA,fg_miss,66,False,False,MISS Dragic 3' Jump Bank Shot,,61-57,61,57
0021601068,2017-03-23,MIA,TOR,30.33,3,5,40,TOR,TOR,reb,0,False,False,,Valanciunas REBOUND (Off:0 Def:6),61-57,61,57
0021601068,2017-03-23,MIA,TOR,30.33,3,5,40,TOR,MIA,foul,1,False,False,Richardson P.FOUL (P3.T4) (R.Mott),,61-57,61,57
0021601068,2017-03-23,MIA,TOR,30.33,3,5,40,MIA,MIA,timeout,1,False,False,HEAT Timeout: Regular (Full 3 Short 0),,61-57,61,57
0021601068,2017-03-23,MIA,TOR,30.57,3,5,26,TOR,TOR,fg_make,47,False,False,,DeRozan 15' Turnaround Jump Shot (30 PTS),61-59,61,59
0021601068,2017-03-23,MIA,TOR,30.9,3,5,6,MIA,MIA,fg_miss,1,False,False,MISS T. Johnson 15' Jump Shot,,61-59,61,59
0021601068,2017-03-23,MIA,TOR,30.92,3,5,5,MIA,MIA,reb,0,False,False,Whiteside REBOUND (Off:6 Def:6),,61-59,61,59
0021601068,2017-03-23,MIA,TOR,30.93,3,5,4,MIA,MIA,fg_miss,97,False,False,MISS Whiteside 1' Tip Layup Shot,,61-59,61,59
0021601068,2017-03-23,MIA,TOR,30.95,3,5,3,TOR,TOR,reb,0,False,False,,DeRozan REBOUND (Off:0 Def:3),61-59,61,59
0021601068,2017-03-23,MIA,TOR,31.03,3,4,58,TOR,TOR,fg_make,41,False,False,,Carroll 2' Running Layup (5 PTS),61-61,61,61
0021601068,2017-03-23,MIA,TOR,31.28,3,4,43,MIA,MIA,fg_make,1,False,False,Whiteside 2' Jump Shot (15 PTS) (Richardson 1 AST),,63-61,63,61
0021601068,2017-03-23,MIA,TOR,31.28,3,4,43,MIA,TOR,foul,2,False,False,,Poeltl S.FOUL (P3.T1) (M.Lindsay),63-61,63,61
0021601068,2017-03-23,MIA,TOR,31.28,3,4,43,MIA,MIA,ft_make,10,False,False,Whiteside Free Throw 1 of 1 (16 PTS),,64-61,64,61
0021601068,2017-03-23,MIA,TOR,31.53,3,4,28,TOR,TOR,fg_make,79,False,False,,DeRozan 18' Pullup Jump Shot (32 PTS),64-63,64,63
0021601068,2017-03-23,MIA,TOR,31.82,3,4,11,MIA,MIA,tov,45,False,False,Whiteside Out of Bounds - Bad Pass Turnover Turnover (P2.T12),,64-63,64,63
0021601068,2017-03-23,MIA,TOR,32.17,3,3,50,TOR,TOR,fg3_miss,1,False,False,,MISS Carroll 24' 3PT Jump Shot,64-63,64,63
0021601068,2017-03-23,MIA,TOR,32.18,3,3,49,MIA,MIA,reb,0,False,False,Whiteside REBOUND (Off:6 Def:7),,64-63,64,63
0021601068,2017-03-23,MIA,TOR,32.22,3,3,47,MIA,MIA,tov,1,False,True,Whiteside Bad Pass Turnover (P3.T13),,64-63,64,63
0021601068,2017-03-23,MIA,TOR,32.22,3,3,47,MIA,TOR,steal,1,False,True,steal,steal,64-63,64,63
0021601068,2017-03-23,MIA,TOR,32.25,3,3,45,TOR,MIA,foul,2,False,False,Whiteside S.FOUL (P4.PN) (M.Lindsay),,64-63,64,63
0021601068,2017-03-23,MIA,TOR,32.25,3,3,45,TOR,TOR,ft_make,11,False,False,,Carroll Free Throw 1 of 2 (6 PTS),64-64,64,64
0021601068,2017-03-23,MIA,TOR,32.25,3,3,45,TOR,TOR,ft_make,12,False,False,,Carroll Free Throw 2 of 2 (7 PTS),64-65,64,65
0021601068,2017-03-23,MIA,TOR,32.55,3,3,27,MIA,MIA,fg3_miss,1,False,False,MISS J. Johnson 24' 3PT Jump Shot,,64-65,64,65
0021601068,2017-03-23,MIA,TOR,32.57,3,3,26,MIA,MIA,reb,0,False,False,McGruder REBOUND (Off:2 Def:2),,64-65,64,65
0021601068,2017-03-23,MIA,TOR,32.58,3,3,25,MIA,MIA,fg_make,97,False,False,McGruder 2' Tip Layup Shot (13 PTS),,66-65,66,65
0021601068,2017-03-23,MIA,TOR,32.75,3,3,15,TOR,TOR,tov,1,False,True,,DeRozan Bad Pass Turnover (P1.T15),66-65,66,65
0021601068,2017-03-23,MIA,TOR,32.75,3,3,15,TOR,MIA,steal,1,False,True,steal,steal,66-65,66,65
0021601068,2017-03-23,MIA,TOR,32.83,3,3,10,MIA,MIA,fg3_miss,1,False,False,MISS McGruder 3PT Jump Shot,,66-65,66,65
0021601068,2017-03-23,MIA,TOR,32.85,3,3,9,TOR,TOR,reb,0,False,False,,Raptors Rebound,66-65,66,65
0021601068,2017-03-23,MIA,TOR,32.87,3,3,8,TOR,TOR,timeout,1,False,False,,Raptors Timeout: Regular (Reg.3 Short 0),66-65,66,65
0021601068,2017-03-23,MIA,TOR,33.05,3,2,57,TOR,TOR,fg3_miss,1,False,False,,MISS Patterson 24' 3PT Jump Shot,66-65,66,65
0021601068,2017-03-23,MIA,TOR,33.07,3,2,56,TOR,TOR,reb,0,False,False,,Patterson REBOUND (Off:1 Def:3),66-65,66,65
0021601068,2017-03-23,MIA,TOR,33.4,3,2,36,TOR,TOR,fg_make,5,False,False,,Patterson 2' Layup (4 PTS) (Wright 3 AST),66-67,66,67
0021601068,2017-03-23,MIA,TOR,33.7,3,2,18,MIA,MIA,fg3_miss,1,False,False,MISS Richardson 24' 3PT Jump Shot,,66-67,66,67
0021601068,2017-03-23,MIA,TOR,33.72,3,2,17,TOR,TOR,reb,0,False,False,,Patterson REBOUND (Off:1 Def:4),66-67,66,67
0021601068,2017-03-23,MIA,TOR,33.88,3,2,7,TOR,MIA,foul,1,False,False,Reed P.FOUL (P2.PN) (R.Mott),,66-67,66,67
0021601068,2017-03-23,MIA,TOR,33.88,3,2,7,TOR,TOR,ft_make,11,False,False,,Wright Free Throw 1 of 2 (3 PTS),66-68,66,68
0021601068,2017-03-23,MIA,TOR,33.88,3,2,7,TOR,TOR,ft_make,12,False,False,,Wright Free Throw 2 of 2 (4 PTS),66-69,66,69
0021601068,2017-03-23,MIA,TOR,34.15,3,1,51,MIA,MIA,fg_make,1,False,False,Reed 4' Jump Shot (9 PTS) (Richardson 2 AST),,68-69,68,69
0021601068,2017-03-23,MIA,TOR,34.4,3,1,36,TOR,TOR,fg_make,78,False,False,,DeRozan 12' Floating Jump Shot (34 PTS),68-71,68,71
0021601068,2017-03-23,MIA,TOR,34.8,3,1,12,MIA,MIA,fg3_miss,1,False,False,MISS T. Johnson 25' 3PT Jump Shot,,68-71,68,71
0021601068,2017-03-23,MIA,TOR,34.82,3,1,11,TOR,TOR,reb,0,False,False,,Patterson REBOUND (Off:1 Def:5),68-71,68,71
0021601068,2017-03-23,MIA,TOR,35.08,3,0,55,TOR,TOR,fg_make,47,False,False,,Wright 12' Turnaround Jump Shot (6 PTS),68-73,68,73
0021601068,2017-03-23,MIA,TOR,35.08,3,0,55,TOR,MIA,foul,2,False,False,T. Johnson S.FOUL (P4.PN) (M.Lindsay),,68-73,68,73
0021601068,2017-03-23,MIA,TOR,35.08,3,0,55,TOR,TOR,ft_make,10,False,False,,Wright Free Throw 1 of 1 (7 PTS),68-74,68,74
0021601068,2017-03-23,MIA,TOR,35.38,3,0,37,MIA,MIA,fg_miss,66,False,False,MISS Dragic 7' Jump Bank Shot,,68-74,68,74
0021601068,2017-03-23,MIA,TOR,35.38,3,0,37,TOR,TOR,reb,0,False,False,,Patterson REBOUND (Off:1 Def:6),68-74,68,74
0021601068,2017-03-23,MIA,TOR,35.4,3,0,36,TOR,MIA,foul,1,False,False,Reed P.FOUL (P3.PN) (M.Lindsay),,68-74,68,74
0021601068,2017-03-23,MIA,TOR,35.4,3,0,36,TOR,TOR,ft_make,11,False,False,,Patterson Free Throw 1 of 2 (5 PTS),68-75,68,75
0021601068,2017-03-23,MIA,TOR,35.4,3,0,36,TOR,TOR,ft_miss,12,False,False,,MISS Patterson Free Throw 2 of 2,68-75,68,75
0021601068,2017-03-23,MIA,TOR,35.43,3,0,34,MIA,MIA,reb,0,False,False,HEAT Rebound,,68-75,68,75
0021601068,2017-03-23,MIA,TOR,35.77,3,0,14,MIA,MIA,fg_miss,63,False,False,MISS J. Johnson 13' Fadeaway Jumper,,68-75,68,75
0021601068,2017-03-23,MIA,TOR,35.78,3,0,13,TOR,TOR,reb,0,False,False,,DeRozan REBOUND (Off:0 Def:4),68-75,68,75
0021601068,2017-03-23,MIA,TOR,36.0,3,0,0,TOR,TOR,fg3_miss,1,False,False,,MISS DeRozan 25' 3PT Jump Shot,68-75,68,75
0021601068,2017-03-23,MIA,TOR,36.0,3,0,0,TOR,TOR,reb,0,False,False,,Raptors Rebound,68-75,68,75
0021601068,2017-03-23,MIA,TOR,36.0,3,0,0,TOR,,period_end,0,False,False,,,68-75,68,75
0021601068,2017-03-23,MIA,TOR,36.0,4,12,0,TOR,,period_start,0,False,False,,,68-75,68,75
0021601068,2017-03-23,MIA,TOR,36.25,4,11,45,MIA,MIA,tov,45,False,False,Dragic Out of Bounds - Bad Pass Turnover Turnover (P3.T14),,68-75,68,75
0021601068,2017-03-23,MIA,TOR,36.38,4,11,37,TOR,TOR,fg_miss,66,False,False,,MISS Powell 12' Jump Bank Shot,68-75,68,75
0021601068,2017-03-23,MIA,TOR,36.4,4,11,36,TOR,TOR,reb,0,False,False,,Raptors Rebound,68-75,68,75
0021601068,2017-03-23,MIA,TOR,36.4,4,11,36,TOR,MIA,foul,3,False,False,Ellington L.B.FOUL (P1.T1) (A.Smith),,68-75,68,75
0021601068,2017-03-23,MIA,TOR,36.5,4,11,30,TOR,TOR,fg_make,75,False,False,,Wright 1' Driving Finger Roll Layup (9 PTS),68-77,68,77
0021601068,2017-03-23,MIA,TOR,36.77,4,11,14,MIA,MIA,tov,2,False,True,T. Johnson Lost Ball Turnover (P3.T15),,68-77,68,77
0021601068,2017-03-23,MIA,TOR,36.77,4,11,14,MIA,TOR,steal,2,False,True,steal,steal,68-77,68,77
0021601068,2017-03-23,MIA,TOR,36.88,4,11,7,TOR,TOR,fg_miss,5,True,False,,MISS Poeltl 1' Layup,68-77,68,77
0021601068,2017-03-23,MIA,TOR,36.88,4,11,7,TOR,MIA,block,5,True,False,block,block,68-77,68,77
0021601068,2017-03-23,MIA,TOR,36.9,4,11,6,TOR,TOR,reb,0,False,False,,Raptors Rebound,68-77,68,77
0021601068,2017-03-23,MIA,TOR,37.13,4,10,52,TOR,TOR,fg_miss,75,False,False,,MISS Wright 3' Driving Finger Roll Layup,68-77,68,77
0021601068,2017-03-23,MIA,TOR,37.15,4,10,51,TOR,TOR,reb,0,False,False,,Patterson REBOUND (Off:2 Def:6),68-77,68,77
0021601068,2017-03-23,MIA,TOR,37.3,4,10,42,TOR,MIA,foul,2,False,False,Reed S.FOUL (P4.T2) (M.Lindsay),,68-77,68,77
0021601068,2017-03-23,MIA,TOR,37.3,4,10,42,TOR,TOR,ft_make,11,False,False,,Powell Free Throw 1 of 2 (8 PTS),68-78,68,78
0021601068,2017-03-23,MIA,TOR,37.3,4,10,42,TOR,TOR,ft_make,12,False,False,,Powell Free Throw 2 of 2 (9 PTS),68-79,68,79
0021601068,2017-03-23,MIA,TOR,37.63,4,10,22,MIA,MIA,fg3_miss,1,False,False,MISS Ellington 3PT Jump Shot,,68-79,68,79
0021601068,2017-03-23,MIA,TOR,37.65,4,10,21,TOR,TOR,reb,0,False,False,,Poeltl REBOUND (Off:0 Def:1),68-79,68,79
0021601068,2017-03-23,MIA,TOR,38.0,4,10,0,TOR,TOR,fg_make,66,False,False,,Poeltl 11' Jump Bank Shot (2 PTS) (Tucker 2 AST),68-81,68,81
0021601068,2017-03-23,MIA,TOR,38.0,4,10,0,MIA,MIA,timeout,1,False,False,HEAT Timeout: Regular (Full 4 Short 0),,68-81,68,81
0021601068,2017-03-23,MIA,TOR,38.3,4,9,42,MIA,MIA,fg_miss,47,False,False,MISS T. Johnson 7' Turnaround Jump Shot,,68-81,68,81
0021601068,2017-03-23,MIA,TOR,38.32,4,9,41,TOR,TOR,reb,0,False,False,,Poeltl REBOUND (Off:0 Def:2),68-81,68,81
0021601068,2017-03-23,MIA,TOR,38.7,4,9,18,TOR,TOR,fg_miss,1,True,False,,MISS Wright 19' Jump Shot,68-81,68,81
0021601068,2017-03-23,MIA,TOR,38.7,4,9,18,TOR,MIA,block,1,True,False,block,block,68-81,68,81
0021601068,2017-03-23,MIA,TOR,38.72,4,9,17,TOR,TOR,reb,0,False,False,,Patterson REBOUND (Off:3 Def:6),68-81,68,81
0021601068,2017-03-23,MIA,TOR,38.73,4,9,16,TOR,TOR,fg_miss,5,False,False,,MISS Patterson 2' Layup,68-81,68,81
0021601068,2017-03-23,MIA,TOR,38.75,4,9,15,MIA,MIA,reb,0,False,False,Ellington REBOUND (Off:0 Def:2),,68-81,68,81
0021601068,2017-03-23,MIA,TOR,38.92,4,9,5,MIA,MIA,fg3_make,1,False,False,J. Johnson 24' 3PT Jump Shot (7 PTS) (Dragic 7 AST),,71-81,71,81
0021601068,2017-03-23,MIA,TOR,39.15,4,8,51,TOR,TOR,fg_miss,42,True,False,,MISS Wright 3' Driving Layup,71-81,71,81
0021601068,2017-03-23,MIA,TOR,39.15,4,8,51,TOR,MIA,block,42,True,False,block,block,71-81,71,81
0021601068,2017-03-23,MIA,TOR,39.17,4,8,50,MIA,MIA,reb,0,False,False,J. Johnson REBOUND (Off:0 Def:4),,71-81,71,81
0021601068,2017-03-23,MIA,TOR,39.32,4,8,41,MIA,MIA,tov,2,False,True,J. Johnson Lost Ball Turnover (P3.T16),,71-81,71,81
0021601068,2017-03-23,MIA,TOR,39.32,4,8,41,MIA,TOR,steal,2,False,True,steal,steal,71-81,71,81
0021601068,2017-03-23,MIA,TOR,39.48,4,8,31,TOR,TOR,fg_make,42,False,False,,Powell 3' Driving Layup (11 PTS),71-83,71,83
0021601068,2017-03-23,MIA,TOR,39.7,4,8,18,MIA,MIA,fg3_miss,1,False,False,MISS T. Johnson 25' 3PT Jump Shot,,71-83,71,83
0021601068,2017-03-23,MIA,TOR,39.72,4,8,17,TOR,TOR,reb,0,False,False,,Patterson REBOUND (Off:3 Def:7),71-83,71,83
0021601068,2017-03-23,MIA,TOR,40.08,4,7,55,TOR,TOR,fg3_miss,1,False,False,,MISS Patterson 3PT Jump Shot,71-83,71,83
0021601068,2017-03-23,MIA,TOR,40.1,4,7,54,TOR,TOR,reb,0,False,False,,Raptors Rebound,71-83,71,83
0021601068,2017-03-23,MIA,TOR,40.1,4,7,54,TOR,TOR,tov,11,False,False,,Raptors Turnover: Shot Clock (T#16),71-83,71,83
0021601068,2017-03-23,MIA,TOR,40.23,4,7,46,MIA,MIA,fg_miss,73,False,False,MISS J. Johnson 1' Driving Reverse Layup,,71-83,71,83
0021601068,2017-03-23,MIA,TOR,40.25,4,7,45,MIA,MIA,reb,0,False,False,HEAT Rebound,,71-83,71,83
0021601068,2017-03-23,MIA,TOR,40.43,4,7,34,MIA,MIA,fg_miss,3,False,False,MISS Whiteside 4' Hook Shot,,71-83,71,83
0021601068,2017-03-23,MIA,TOR,40.45,4,7,33,TOR,TOR,reb,0,False,False,,Valanciunas REBOUND (Off:0 Def:7),71-83,71,83
0021601068,2017-03-23,MIA,TOR,40.8,4,7,12,TOR,TOR,fg_make,42,False,False,,Wright 1' Driving Layup (11 PTS),71-85,71,85
0021601068,2017-03-23,MIA,TOR,41.05,4,6,57,MIA,MIA,fg3_miss,1,False,False,MISS J. Johnson 24' 3PT Jump Shot,,71-85,71,85
0021601068,2017-03-23,MIA,TOR,41.07,4,6,56,TOR,TOR,reb,0,False,False,,Tucker REBOUND (Off:1 Def:3),71-85,71,85
0021601068,2017-03-23,MIA,TOR,41.15,4,6,51,TOR,TOR,fg3_make,1,False,False,,Powell 24' 3PT Jump Shot (14 PTS) (Tucker 3 AST),71-88,71,88
0021601068,2017-03-23,MIA,TOR,41.15,4,6,51,MIA,MIA,timeout,1,False,False,HEAT Timeout: Regular (Full 5 Short 0),,71-88,71,88
0021601068,2017-03-23,MIA,TOR,41.48,4,6,31,MIA,TOR,foul,1,False,False,,Powell P.FOUL (P2.T1) (R.Mott),71-88,71,88
0021601068,2017-03-23,MIA,TOR,41.6,4,6,24,MIA,MIA,fg_make,66,False,False,J. Johnson 3' Jump Bank Shot (9 PTS),,73-88,73,88
0021601068,2017-03-23,MIA,TOR,41.6,4,6,24,MIA,TOR,foul,2,False,False,,Valanciunas S.FOUL (P4.T2) (A.Smith),73-88,73,88
0021601068,2017-03-23,MIA,TOR,41.6,4,6,24,MIA,MIA,ft_miss,10,False,False,MISS J. Johnson Free Throw 1 of 1,,73-88,73,88
0021601068,2017-03-23,MIA,TOR,41.62,4,6,23,TOR,TOR,reb,0,False,False,,Valanciunas REBOUND (Off:0 Def:8),73-88,73,88
0021601068,2017-03-23,MIA,TOR,42.03,4,5,58,TOR,TOR,fg_make,79,False,False,,DeRozan 17' Pullup Jump Shot (36 PTS),73-90,73,90
0021601068,2017-03-23,MIA,TOR,42.18,4,5,49,MIA,MIA,tov,45,False,False,T. Johnson Out of Bounds - Bad Pass Turnover Turnover (P4.T17),,73-90,73,90
0021601068,2017-03-23,MIA,TOR,42.45,4,5,33,TOR,TOR,fg_miss,1,True,False,,MISS DeRozan 16' Jump Shot,73-90,73,90
0021601068,2017-03-23,MIA,TOR,42.45,4,5,33,TOR,MIA,block,1,True,False,block,block,73-90,73,90
0021601068,2017-03-23,MIA,TOR,42.47,4,5,32,MIA,MIA,reb,0,False,False,T. Johnson REBOUND (Off:0 Def:1),,73-90,73,90
0021601068,2017-03-23,MIA,TOR,42.57,4,5,26,MIA,TOR,foul,2,False,False,,Valanciunas S.FOUL (P5.T3) (R.Mott),73-90,73,90
0021601068,2017-03-23,MIA,TOR,42.57,4,5,26,MIA,MIA,ft_make,11,False,False,T. Johnson Free Throw 1 of 2 (6 PTS),,74-90,74,90
0021601068,2017-03-23,MIA,TOR,42.57,4,5,26,MIA,MIA,ft_miss,12,False,False,MISS T. Johnson Free Throw 2 of 2,,74-90,74,90
0021601068,2017-03-23,MIA,TOR,42.58,4,5,25,TOR,TOR,reb,0,False,False,,Tucker REBOUND (Off:1 Def:4),74-90,74,90
0021601068,2017-03-23,MIA,TOR,42.85,4,5,9,TOR,TOR,fg_miss,42,True,False,,MISS Tucker 2' Driving Layup,74-90,74,90
0021601068,2017-03-23,MIA,TOR,42.85,4,5,9,TOR,MIA,block,42,True,False,block,block,74-90,74,90
0021601068,2017-03-23,MIA,TOR,42.87,4,5,8,MIA,MIA,reb,0,False,False,Richardson REBOUND (Off:0 Def:2),,74-90,74,90
0021601068,2017-03-23,MIA,TOR,42.93,4,5,4,MIA,MIA,fg_make,76,False,False,Richardson 1' Running Finger Roll Layup (10 PTS),,76-90,76,90
0021601068,2017-03-23,MIA,TOR,43.27,4,4,44,TOR,TOR,tov,1,False,True,,Wright Bad Pass Turnover (P2.T17),76-90,76,90
0021601068,2017-03-23,MIA,TOR,43.27,4,4,44,TOR,MIA,steal,1,False,True,steal,steal,76-90,76,90
0021601068,2017-03-23,MIA,TOR,43.35,4,4,39,MIA,MIA,fg_make,41,False,False,T. Johnson 1' Running Layup (8 PTS) (Richardson 3 AST),,78-90,78,90
0021601068,2017-03-23,MIA,TOR,43.37,4,4,38,TOR,TOR,timeout,1,False,False,,Raptors Timeout: Regular (Reg.4 Short 0),78-90,78,90
0021601068,2017-03-23,MIA,TOR,43.6,4,4,24,TOR,TOR,fg_miss,1,False,False,,MISS DeRozan 17' Jump Shot,78-90,78,90
0021601068,2017-03-23,MIA,TOR,43.62,4,4,23,TOR,TOR,reb,0,False,False,,Poeltl REBOUND (Off:1 Def:2),78-90,78,90
0021601068,2017-03-23,MIA,TOR,43.63,4,4,22,TOR,TOR,fg_make,72,False,False,,Poeltl 2' Putback Layup (4 PTS),78-92,78,92
0021601068,2017-03-23,MIA,TOR,43.92,4,4,5,MIA,MIA,fg3_make,1,False,False,T. Johnson 26' 3PT Jump Shot (11 PTS) (J. Johnson 3 AST),,81-92,81,92
0021601068,2017-03-23,MIA,TOR,44.18,4,3,49,TOR,TOR,fg_miss,42,True,False,,MISS DeRozan 1' Driving Layup,81-92,81,92
0021601068,2017-03-23,MIA,TOR,44.18,4,3,49,TOR,MIA,block,42,True,False,block,block,81-92,81,92
0021601068,2017-03-23,MIA,TOR,44.2,4,3,48,TOR,TOR,reb,0,False,False,,Poeltl REBOUND (Off:2 Def:2),81-92,81,92
0021601068,2017-03-23,MIA,TOR,44.35,4,3,39,TOR,TOR,fg3_miss,1,False,False,,MISS Tucker 25' 3PT Jump Shot,81-92,81,92
0021601068,2017-03-23,MIA,TOR,44.37,4,3,38,TOR,TOR,reb,0,False,False,,Poeltl REBOUND (Off:3 Def:2),81-92,81,92
0021601068,2017-03-23,MIA,TOR,44.67,4,3,20,TOR,TOR,fg3_miss,1,False,False,,MISS DeRozan 24' 3PT Jump Shot,81-92,81,92
0021601068,2017-03-23,MIA,TOR,44.68,4,3,19,TOR,TOR,reb,0,False,False,,Tucker REBOUND (Off:2 Def:4),81-92,81,92
0021601068,2017-03-23,MIA,TOR,44.77,4,3,14,TOR,TOR,fg3_miss,1,False,False,,MISS Joseph 24' 3PT Jump Shot,81-92,81,92
0021601068,2017-03-23,MIA,TOR,44.78,4,3,13,MIA,MIA,reb,0,False,False,Whiteside REBOUND (Off:6 Def:8),,81-92,81,92
0021601068,2017-03-23,MIA,TOR,44.82,4,3,11,,MIA,jump_ball,0,False,False,Jump Ball Whiteside vs. Poeltl: Tip to Richardson,,81-92,81,92
0021601068,2017-03-23,MIA,TOR,45.02,4,2,59,MIA,MIA,fg3_miss,1,False,False,MISS J. Johnson 24' 3PT Jump Shot,,81-92,81,92
0021601068,2017-03-23,MIA,TOR,45.03,4,2,58,TOR,TOR,reb,0,False,False,,DeRozan REBOUND (Off:0 Def:5),81-92,81,92
0021601068,2017-03-23,MIA,TOR,45.25,4,2,45,TOR,MIA,foul,2,False,False,Richardson S.FOUL (P4.T3) (R.Mott),,81-92,81,92
0021601068,2017-03-23,MIA,TOR,45.25,4,2,45,TOR,TOR,ft_make,11,False,False,,DeRozan Free Throw 1 of 2 (37 PTS),81-93,81,93
0021601068,2017-03-23,MIA,TOR,45.25,4,2,45,TOR,TOR,ft_make,12,False,False,,DeRozan Free Throw 2 of 2 (38 PTS),81-94,81,94
0021601068,2017-03-23,MIA,TOR,45.55,4,2,27,MIA,MIA,fg3_miss,1,False,False,MISS Richardson 26' 3PT Jump Shot,,81-94,81,94
0021601068,2017-03-23,MIA,TOR,45.57,4,2,26,TOR,TOR,reb,0,False,False,,Poeltl REBOUND (Off:3 Def:3),81-94,81,94
0021601068,2017-03-23,MIA,TOR,45.68,4,2,19,TOR,TOR,tov,2,False,True,,Poeltl Lost Ball Turnover (P2.T18),81-94,81,94
0021601068,2017-03-23,MIA,TOR,45.68,4,2,19,TOR,MIA,steal,2,False,True,steal,steal,81-94,81,94
0021601068,2017-03-23,MIA,TOR,45.78,4,2,13,MIA,MIA,fg_miss,41,False,False,MISS J. Johnson 2' Running Layup,,81-94,81,94
0021601068,2017-03-23,MIA,TOR,45.8,4,2,12,TOR,TOR,reb,0,False,False,,Joseph REBOUND (Off:0 Def:4),81-94,81,94
0021601068,2017-03-23,MIA,TOR,46.13,4,1,52,TOR,TOR,fg_miss,47,False,False,,MISS DeRozan 14' Turnaround Jump Shot,81-94,81,94
0021601068,2017-03-23,MIA,TOR,46.15,4,1,51,TOR,TOR,reb,0,False,False,,DeRozan REBOUND (Off:1 Def:5),81-94,81,94
0021601068,2017-03-23,MIA,TOR,46.18,4,1,49,TOR,TOR,fg_make,78,False,False,,DeRozan 6' Floating Jump Shot (40 PTS),81-96,81,96
0021601068,2017-03-23,MIA,TOR,46.42,4,1,35,MIA,MIA,fg_make,66,False,False,Richardson 5' Jump Bank Shot (12 PTS),,83-96,83,96
0021601068,2017-03-23,MIA,TOR,46.42,4,1,35,MIA,TOR,foul,2,False,False,,Tucker S.FOUL (P3.T4) (M.Lindsay),83-96,83,96
0021601068,2017-03-23,MIA,TOR,46.42,4,1,35,MIA,MIA,ft_miss,10,False,False,MISS Richardson Free Throw 1 of 1,,83-96,83,96
0021601068,2017-03-23,MIA,TOR,46.43,4,1,34,TOR,TOR,reb,0,False,False,,Tucker REBOUND (Off:2 Def:5),83-96,83,96
0021601068,2017-03-23,MIA,TOR,46.7,4,1,18,TOR,TOR,fg3_make,1,False,False,,Tucker 26' 3PT Jump Shot (9 PTS) (DeRozan 3 AST),83-99,83,99
0021601068,2017-03-23,MIA,TOR,46.7,4,1,18,MIA,MIA,timeout,1,False,False,HEAT Timeout: Regular (Full 6 Short 0),,83-99,83,99
0021601068,2017-03-23,MIA,TOR,46.8,4,1,12,MIA,TOR,foul,1,False,False,,Poeltl P.FOUL (P4.PN) (M.Lindsay),83-99,83,99
0021601068,2017-03-23,MIA,TOR,46.8,4,1,12,MIA,MIA,ft_make,11,False,False,J. Johnson Free Throw 1 of 2 (10 PTS),,84-99,84,99
0021601068,2017-03-23,MIA,TOR,46.8,4,1,12,MIA,MIA,ft_miss,12,False,False,MISS J. Johnson Free Throw 2 of 2,,84-99,84,99
0021601068,2017-03-23,MIA,TOR,46.82,4,1,11,TOR,TOR,reb,0,False,False,,Wright REBOUND (Off:1 Def:5),84-99,84,99
0021601068,2017-03-23,MIA,TOR,47.1,4,0,54,TOR,TOR,fg3_miss,1,False,False,,MISS VanVleet 25' 3PT Jump Shot,84-99,84,99
0021601068,2017-03-23,MIA,TOR,47.1,4,0,54,TOR,TOR,reb,0,False,False,,Raptors Rebound,84-99,84,99
0021601068,2017-03-23,MIA,TOR,47.33,4,0,40,TOR,TOR,fg_make,71,False,False,,Wright 1' Finger Roll Layup (13 PTS),84-101,84,101
0021601068,2017-03-23,MIA,TOR,47.62,4,0,23,MIA,MIA,fg_miss,1,False,False,MISS Reed 14' Jump Shot,,84-101,84,101
0021601068,2017-03-23,MIA,TOR,47.63,4,0,22,TOR,TOR,reb,0,False,False,,Wright REBOUND (Off:1 Def:6),84-101,84,101
0021601068,2017-03-23,MIA,TOR,48.0,4,0,0,TOR,,period_end,0,False,False,,,84-101,84,101
