game_id,date,home,vis,period,mins,secs,pos,team,event,event_deets,block,steal,home_desc,vis_desc,home_score,vis_score
0022100351,2021-12-05,TOR,WAS,1,12,0,,,period_start,0,False,False,,,0,0
0022100351,2021-12-05,TOR,WAS,1,12,0,,TOR,jump_ball,0,False,False, ,,0,0
0022100351,2021-12-05,TOR,WAS,1,11,59,WAS,TOR,foul,3,False,False,Achiuwa L.B.FOUL (P1.T1) (M.Dagher),,0,0
0022100351,2021-12-05,TOR,WAS,1,11,45,WAS,WAS,fg_miss,73,False,False,,MISS Beal 4' Driving Reverse Layup,0,0
0022100351,2021-12-05,TOR,WAS,1,11,42,WAS,WAS,reb,0,False,False,,Gafford REBOUND (Off:1 Def:0),0,0
0022100351,2021-12-05,TOR,WAS,1,11,42,WAS,WAS,fg_miss,97,False,False,,MISS Gafford Tip Layup Shot,0,0
0022100351,2021-12-05,TOR,WAS,1,11,42,TOR,TOR,reb,0,False,False,Siakam REBOUND (Off:0 Def:1),,0,0
0022100351,2021-12-05,TOR,WAS,1,11,32,TOR,TOR,fg_miss,105,False,False,MISS Barnes 10' Turnaround Fadeaway Bank Jump Shot,,0,0
0022100351,2021-12-05,TOR,WAS,1,11,28,WAS,WAS,reb,0,False,False,,Gafford REBOUND (Off:1 Def:1),0,0
0022100351,2021-12-05,TOR,WAS,1,11,26,WAS,WAS,tov,40,False,False,,Caldwell-Pope Out of Bounds Lost Ball Turnover (P1.T1),0,0
0022100351,2021-12-05,TOR,WAS,1,11,2,TOR,TOR,fg3_miss,79,False,False,MISS VanVleet 27' 3PT Pullup Jump Shot,,0,0
0022100351,2021-12-05,TOR,WAS,1,10,59,WAS,WAS,reb,0,False,False,,Caldwell-Pope REBOUND (Off:0 Def:1),0,0
0022100351,2021-12-05,TOR,WAS,1,10,56,WAS,TOR,foul,1,False,False,VanVleet P.FOUL (P1.T2) (T.Ford),,0,0
0022100351,2021-12-05,TOR,WAS,1,10,56,TOR,WAS,foul,4,False,False,,Gafford OFF.Foul (P1) (T.Ford),0,0
0022100351,2021-12-05,TOR,WAS,1,10,56,WAS,WAS,tov,37,False,False,,Gafford Offensive Foul Turnover (P1.T2),0,0
0022100351,2021-12-05,TOR,WAS,1,10,49,TOR,TOR,fg_miss,63,False,False,MISS Siakam 10' Fadeaway Jumper,,0,0
0022100351,2021-12-05,TOR,WAS,1,10,44,WAS,WAS,reb,0,False,False,,Kuzma REBOUND (Off:0 Def:1),0,0
0022100351,2021-12-05,TOR,WAS,1,10,37,WAS,WAS,fg3_miss,1,False,False,,MISS Kuzma 27' 3PT Jump Shot,0,0
0022100351,2021-12-05,TOR,WAS,1,10,36,TOR,TOR,reb,0,False,False,RAPTORS Rebound,,0,0
0022100351,2021-12-05,TOR,WAS,1,10,24,TOR,TOR,fg_miss,101,True,False,MISS VanVleet 3' Driving Floating Jump Shot,,0,0
0022100351,2021-12-05,TOR,WAS,1,10,24,TOR,WAS,block,101,True,False,block,block,0,0
0022100351,2021-12-05,TOR,WAS,1,10,21,WAS,WAS,reb,0,False,False,,Caldwell-Pope REBOUND (Off:0 Def:2),0,0
0022100351,2021-12-05,TOR,WAS,1,10,18,WAS,WAS,fg_make,103,False,False,,Beal 18' Running Pull-Up Jump Shot (2 PTS) (Caldwell-Pope 1 AST),2,0
0022100351,2021-12-05,TOR,WAS,1,10,7,TOR,TOR,fg_make,1,False,False,Achiuwa 13' Jump Shot (2 PTS) (Siakam 1 AST),,2,2
0022100351,2021-12-05,TOR,WAS,1,9,55,WAS,WAS,fg_miss,5,False,False,,MISS Gafford 3' Layup,2,2
0022100351,2021-12-05,TOR,WAS,1,9,53,TOR,TOR,reb,0,False,False,Trent Jr. REBOUND (Off:0 Def:1),,2,2
0022100351,2021-12-05,TOR,WAS,1,9,41,TOR,TOR,fg_make,1,False,False,VanVleet 14' Jump Shot (2 PTS),,2,4
0022100351,2021-12-05,TOR,WAS,1,9,30,WAS,WAS,fg3_miss,1,False,False,,MISS Kuzma 26' 3PT Jump Shot,2,4
0022100351,2021-12-05,TOR,WAS,1,9,27,TOR,TOR,reb,0,False,False,Trent Jr. REBOUND (Off:0 Def:2),,2,4
0022100351,2021-12-05,TOR,WAS,1,9,22,TOR,WAS,foul,2,False,False,,Gafford S.FOUL (P2.T1) (T.Ford),2,4
0022100351,2021-12-05,TOR,WAS,1,9,22,TOR,TOR,ft_make,11,False,False,Siakam Free Throw 1 of 2 (1 PTS),,2,5
0022100351,2021-12-05,TOR,WAS,1,9,22,TOR,TOR,ft_make,12,False,False,Siakam Free Throw 2 of 2 (2 PTS),,2,6
0022100351,2021-12-05,TOR,WAS,1,9,2,WAS,WAS,fg_miss,79,False,False,,MISS Dinwiddie 12' Pullup Jump Shot,2,6
0022100351,2021-12-05,TOR,WAS,1,8,59,TOR,TOR,reb,0,False,False,Achiuwa REBOUND (Off:0 Def:1),,2,6
0022100351,2021-12-05,TOR,WAS,1,8,54,TOR,TOR,fg_miss,103,False,False,MISS Siakam 20' Running Pull-Up Jump Shot,,2,6
0022100351,2021-12-05,TOR,WAS,1,8,50,WAS,WAS,reb,0,False,False,,Dinwiddie REBOUND (Off:0 Def:1),2,6
0022100351,2021-12-05,TOR,WAS,1,8,42,WAS,WAS,fg_make,57,False,False,,Caldwell-Pope 6' Driving Hook Shot (2 PTS) (Harrell 1 AST),4,6
0022100351,2021-12-05,TOR,WAS,1,8,17,TOR,WAS,foul,2,False,False,,Caldwell-Pope S.FOUL (P1.T2) (M.Dagher),4,6
0022100351,2021-12-05,TOR,WAS,1,8,17,TOR,TOR,ft_miss,11,False,False,MISS Siakam Free Throw 1 of 2,,4,6
0022100351,2021-12-05,TOR,WAS,1,8,17,TOR,TOR,reb,1,False,False,RAPTORS Rebound,,4,6
0022100351,2021-12-05,TOR,WAS,1,8,17,TOR,TOR,ft_make,12,False,False,Siakam Free Throw 2 of 2 (3 PTS),,4,7
0022100351,2021-12-05,TOR,WAS,1,8,5,WAS,WAS,fg_miss,6,False,False,,MISS Beal 5' Driving Layup,4,7
0022100351,2021-12-05,TOR,WAS,1,8,0,TOR,TOR,reb,0,False,False,Achiuwa REBOUND (Off:0 Def:2),,4,7
0022100351,2021-12-05,TOR,WAS,1,7,56,TOR,WAS,foul,2,False,False,,Harrell S.FOUL (P1.T3) (K.Fitzgerald),4,7
0022100351,2021-12-05,TOR,WAS,1,7,56,TOR,TOR,ft_make,11,False,False,Siakam Free Throw 1 of 2 (4 PTS),,4,8
0022100351,2021-12-05,TOR,WAS,1,7,56,TOR,TOR,ft_make,12,False,False,Siakam Free Throw 2 of 2 (5 PTS),,4,9
0022100351,2021-12-05,TOR,WAS,1,7,39,WAS,WAS,fg3_miss,1,False,False,,MISS Beal 26' 3PT Jump Shot,4,9
0022100351,2021-12-05,TOR,WAS,1,7,35,TOR,TOR,reb,0,False,False,Achiuwa REBOUND (Off:0 Def:3),,4,9
0022100351,2021-12-05,TOR,WAS,1,7,24,TOR,TOR,fg_miss,86,False,False,MISS Siakam 11' Turnaround Fadeaway Shot,,4,9
0022100351,2021-12-05,TOR,WAS,1,7,20,TOR,TOR,reb,0,False,False,Achiuwa REBOUND (Off:1 Def:3),,4,9
0022100351,2021-12-05,TOR,WAS,1,7,20,TOR,TOR,fg_make,97,False,False,Achiuwa Tip Layup Shot (4 PTS),,4,11
0022100351,2021-12-05,TOR,WAS,1,6,56,WAS,WAS,fg_miss,78,False,False,,MISS Caldwell-Pope 11' Floating Jump Shot,4,11
0022100351,2021-12-05,TOR,WAS,1,6,54,TOR,TOR,reb,0,False,False,Barnes REBOUND (Off:0 Def:1),,4,11
0022100351,2021-12-05,TOR,WAS,1,6,48,TOR,TOR,fg_miss,86,False,False,MISS Achiuwa 12' Turnaround Fadeaway Shot,,4,11
0022100351,2021-12-05,TOR,WAS,1,6,45,WAS,WAS,reb,0,False,False,,Kuzma REBOUND (Off:0 Def:2),4,11
0022100351,2021-12-05,TOR,WAS,1,6,34,WAS,WAS,fg_miss,57,False,False,,MISS Harrell 6' Driving Hook Shot,4,11
0022100351,2021-12-05,TOR,WAS,1,6,32,TOR,TOR,reb,0,False,False,Siakam REBOUND (Off:0 Def:2),,4,11
0022100351,2021-12-05,TOR,WAS,1,6,24,TOR,TOR,fg3_make,1,False,False,Trent Jr. 27' 3PT Jump Shot (3 PTS) (VanVleet 1 AST),,4,14
0022100351,2021-12-05,TOR,WAS,1,6,23,WAS,WAS,timeout,1,False,False,,Wizards Timeout: Regular (Reg.1 Short 0),4,14
0022100351,2021-12-05,TOR,WAS,1,5,58,WAS,WAS,fg_miss,78,False,False,,MISS Beal 12' Floating Jump Shot,4,14
0022100351,2021-12-05,TOR,WAS,1,5,56,TOR,TOR,reb,0,False,False,Achiuwa REBOUND (Off:1 Def:4),,4,14
0022100351,2021-12-05,TOR,WAS,1,5,51,TOR,TOR,fg3_miss,2,False,False,MISS Barnes 28' 3PT Running Jump Shot,,4,14
0022100351,2021-12-05,TOR,WAS,1,5,48,WAS,WAS,reb,0,False,False,,Beal REBOUND (Off:0 Def:1),4,14
0022100351,2021-12-05,TOR,WAS,1,5,43,WAS,WAS,fg_miss,5,False,False,,MISS Harrell 2' Layup,4,14
0022100351,2021-12-05,TOR,WAS,1,5,42,WAS,WAS,reb,0,False,False,,Harrell REBOUND (Off:1 Def:0),4,14
0022100351,2021-12-05,TOR,WAS,1,5,37,WAS,WAS,fg_miss,5,True,False,,MISS Harrell 2' Layup,4,14
0022100351,2021-12-05,TOR,WAS,1,5,37,WAS,TOR,block,5,True,False,block,block,4,14
0022100351,2021-12-05,TOR,WAS,1,5,35,TOR,TOR,reb,0,False,False,Barnes REBOUND (Off:0 Def:2),,4,14
0022100351,2021-12-05,TOR,WAS,1,5,22,TOR,TOR,fg_miss,47,False,False,MISS Achiuwa 4' Turnaround Jump Shot,,4,14
0022100351,2021-12-05,TOR,WAS,1,5,19,WAS,WAS,reb,0,False,False,,Harrell REBOUND (Off:1 Def:1),4,14
0022100351,2021-12-05,TOR,WAS,1,5,9,WAS,WAS,fg_make,75,False,False,,Dinwiddie 6' Driving Finger Roll Layup (2 PTS),6,14
0022100351,2021-12-05,TOR,WAS,1,4,39,TOR,TOR,fg3_miss,79,False,False,MISS VanVleet 25' 3PT Pullup Jump Shot,,6,14
0022100351,2021-12-05,TOR,WAS,1,4,37,WAS,WAS,reb,0,False,False,,Harrell REBOUND (Off:1 Def:2),6,14
0022100351,2021-12-05,TOR,WAS,1,4,19,WAS,WAS,fg3_make,1,False,False,,Beal 24' 3PT Jump Shot (5 PTS) (Caldwell-Pope 2 AST),9,14
0022100351,2021-12-05,TOR,WAS,1,4,6,TOR,TOR,fg3_make,79,False,False,Trent Jr. 26' 3PT Pullup Jump Shot (6 PTS),,9,17
0022100351,2021-12-05,TOR,WAS,1,3,48,WAS,WAS,fg3_miss,1,False,False,,MISS Dinwiddie 3PT Jump Shot,9,17
0022100351,2021-12-05,TOR,WAS,1,3,45,TOR,TOR,reb,0,False,False,Siakam REBOUND (Off:0 Def:3),,9,17
0022100351,2021-12-05,TOR,WAS,1,3,33,TOR,TOR,fg_miss,57,False,False,MISS Siakam 6' Driving Hook Shot,,9,17
0022100351,2021-12-05,TOR,WAS,1,3,31,WAS,WAS,reb,0,False,False,,Dinwiddie REBOUND (Off:0 Def:2),9,17
0022100351,2021-12-05,TOR,WAS,1,3,25,WAS,WAS,fg3_miss,2,False,False,,MISS Kuzma 24' 3PT Running Jump Shot,9,17
0022100351,2021-12-05,TOR,WAS,1,3,22,TOR,TOR,reb,0,False,False,Achiuwa REBOUND (Off:1 Def:5),,9,17
0022100351,2021-12-05,TOR,WAS,1,3,16,TOR,TOR,timeout,1,False,False,RAPTORS Timeout: Regular (Full 1 Short 0),,9,17
0022100351,2021-12-05,TOR,WAS,1,3,7,TOR,TOR,fg_make,98,False,False,Boucher 1' Cutting Layup Shot (2 PTS) (Trent Jr. 1 AST),,9,19
0022100351,2021-12-05,TOR,WAS,1,2,40,WAS,WAS,fg_make,101,False,False,,Neto 14' Driving Floating Jump Shot (2 PTS) (Beal 1 AST),11,19
0022100351,2021-12-05,TOR,WAS,1,2,25,TOR,TOR,fg_make,102,False,False,Watanabe 7' Driving Floating Bank Jump Shot (2 PTS) (VanVleet 2 AST),,11,21
0022100351,2021-12-05,TOR,WAS,1,2,8,WAS,TOR,foul,1,False,False,Boucher P.FOUL (P1.T3) (K.Fitzgerald),,11,21
0022100351,2021-12-05,TOR,WAS,1,2,1,WAS,WAS,fg3_miss,1,False,False,,MISS Bertans 28' 3PT Jump Shot,11,21
0022100351,2021-12-05,TOR,WAS,1,1,58,TOR,TOR,reb,0,False,False,Boucher REBOUND (Off:0 Def:1),,11,21
0022100351,2021-12-05,TOR,WAS,1,1,43,TOR,TOR,fg3_miss,1,False,False,MISS Boucher 27' 3PT Jump Shot,,11,21
0022100351,2021-12-05,TOR,WAS,1,1,39,WAS,WAS,reb,0,False,False,,Harrell REBOUND (Off:1 Def:3),11,21
0022100351,2021-12-05,TOR,WAS,1,1,28,WAS,TOR,foul,2,False,False,Boucher S.FOUL (P2.T4) (T.Ford),,11,21
0022100351,2021-12-05,TOR,WAS,1,1,28,WAS,WAS,ft_miss,11,False,False,,MISS Beal Free Throw 1 of 2,11,21
0022100351,2021-12-05,TOR,WAS,1,1,28,WAS,WAS,reb,1,False,False,,Wizards Rebound,11,21
0022100351,2021-12-05,TOR,WAS,1,1,28,WAS,WAS,ft_make,12,False,False,,Beal Free Throw 2 of 2 (6 PTS),12,21
0022100351,2021-12-05,TOR,WAS,1,1,18,TOR,TOR,fg3_miss,79,False,False,MISS Trent Jr. 30' 3PT Pullup Jump Shot,,12,21
0022100351,2021-12-05,TOR,WAS,1,1,15,TOR,TOR,reb,0,False,False,Boucher REBOUND (Off:1 Def:1),,12,21
0022100351,2021-12-05,TOR,WAS,1,1,4,TOR,TOR,fg_miss,79,False,False,MISS Boucher 20' Pullup Jump Shot,,12,21
0022100351,2021-12-05,TOR,WAS,1,1,1,WAS,WAS,reb,0,False,False,,Harrell REBOUND (Off:1 Def:4),12,21
0022100351,2021-12-05,TOR,WAS,1,0,51,WAS,WAS,tov,1,False,True,,Neto Bad Pass Turnover (P1.T3),12,21
0022100351,2021-12-05,TOR,WAS,1,0,51,WAS,TOR,steal,1,False,True,steal,steal,12,21
0022100351,2021-12-05,TOR,WAS,1,0,38,TOR,TOR,fg_make,86,False,False,Siakam 11' Turnaround Fadeaway (7 PTS),,12,23
0022100351,2021-12-05,TOR,WAS,1,0,26,WAS,WAS,fg_miss,101,False,False,,MISS Neto 13' Driving Floating Jump Shot,12,23
0022100351,2021-12-05,TOR,WAS,1,0,24,TOR,TOR,reb,0,False,False,Boucher REBOUND (Off:1 Def:2),,12,23
0022100351,2021-12-05,TOR,WAS,1,0,5,TOR,TOR,fg_miss,101,False,False,MISS Siakam 9' Driving Floating Jump Shot,,12,23
0022100351,2021-12-05,TOR,WAS,1,0,1,WAS,WAS,reb,0,False,False,,Neto REBOUND (Off:0 Def:1),12,23
0022100351,2021-12-05,TOR,WAS,1,0,0,WAS,,period_end,0,False,False,,,12,23
0022100351,2021-12-05,TOR,WAS,2,12,0,WAS,,period_start,0,False,False,,,12,23
0022100351,2021-12-05,TOR,WAS,2,11,42,TOR,TOR,fg3_make,79,False,False,Mykhailiuk 26' 3PT Pullup Jump Shot (3 PTS) (Boucher 1 AST),,12,26
0022100351,2021-12-05,TOR,WAS,2,11,27,WAS,WAS,fg3_miss,1,False,False,,MISS Bertans 27' 3PT Jump Shot,12,26
0022100351,2021-12-05,TOR,WAS,2,11,24,TOR,TOR,reb,0,False,False,Boucher REBOUND (Off:1 Def:3),,12,26
0022100351,2021-12-05,TOR,WAS,2,11,5,TOR,TOR,fg_make,73,False,False,Boucher 3' Driving Reverse Layup (4 PTS) (Banton 1 AST),,12,28
0022100351,2021-12-05,TOR,WAS,2,10,51,WAS,WAS,fg3_miss,1,False,False,,MISS Bertans 3PT Jump Shot,12,28
0022100351,2021-12-05,TOR,WAS,2,10,48,TOR,TOR,reb,0,False,False,Barnes REBOUND (Off:0 Def:3),,12,28
0022100351,2021-12-05,TOR,WAS,2,10,42,TOR,TOR,fg_miss,101,False,False,MISS Banton 11' Driving Floating Jump Shot,,12,28
0022100351,2021-12-05,TOR,WAS,2,10,39,WAS,WAS,reb,0,False,False,,Harrell REBOUND (Off:1 Def:5),12,28
0022100351,2021-12-05,TOR,WAS,2,10,33,WAS,WAS,fg_make,93,False,False,,Holiday 5' Driving Bank Hook Shot (2 PTS),14,28
0022100351,2021-12-05,TOR,WAS,2,10,17,TOR,WAS,foul,2,False,False,,Bertans S.FOUL (P1.T1) (T.Ford),14,28
0022100351,2021-12-05,TOR,WAS,2,10,17,TOR,TOR,ft_make,11,False,False,Boucher Free Throw 1 of 2 (5 PTS),,14,29
0022100351,2021-12-05,TOR,WAS,2,10,17,TOR,TOR,ft_make,12,False,False,Boucher Free Throw 2 of 2 (6 PTS),,14,30
0022100351,2021-12-05,TOR,WAS,2,9,55,WAS,WAS,fg_miss,101,False,False,,MISS Dinwiddie 13' Driving Floating Jump Shot,14,30
0022100351,2021-12-05,TOR,WAS,2,9,52,TOR,TOR,reb,0,False,False,Mykhailiuk REBOUND (Off:0 Def:1),,14,30
0022100351,2021-12-05,TOR,WAS,2,9,39,TOR,TOR,fg_miss,79,False,False,MISS Watanabe 11' Pullup Jump Shot,,14,30
0022100351,2021-12-05,TOR,WAS,2,9,35,TOR,TOR,reb,0,False,False,Mykhailiuk REBOUND (Off:1 Def:1),,14,30
0022100351,2021-12-05,TOR,WAS,2,9,34,TOR,TOR,fg3_miss,79,False,False,MISS Mykhailiuk 26' 3PT Pullup Jump Shot,,14,30
0022100351,2021-12-05,TOR,WAS,2,9,32,TOR,TOR,reb,0,False,False,RAPTORS Rebound,,14,30
0022100351,2021-12-05,TOR,WAS,2,9,31,TOR,WAS,foul,3,False,False,,Bertans L.B.FOUL (P2.T2) (K.Fitzgerald),14,30
0022100351,2021-12-05,TOR,WAS,2,9,23,TOR,TOR,fg_make,108,False,False,Barnes Cutting Dunk Shot (2 PTS) (Banton 2 AST),,14,32
0022100351,2021-12-05,TOR,WAS,2,9,4,WAS,WAS,fg3_miss,1,False,False,,MISS Avdija 26' 3PT Jump Shot,14,32
0022100351,2021-12-05,TOR,WAS,2,9,1,TOR,TOR,reb,0,False,False,Watanabe REBOUND (Off:0 Def:1),,14,32
0022100351,2021-12-05,TOR,WAS,2,8,57,TOR,TOR,fg_make,41,False,False,Banton 1' Running Layup (2 PTS) (Watanabe 1 AST),,14,34
0022100351,2021-12-05,TOR,WAS,2,8,57,WAS,WAS,timeout,1,False,False,,Wizards Timeout: Regular (Reg.2 Short 0),14,34
0022100351,2021-12-05,TOR,WAS,2,8,34,WAS,WAS,fg_make,86,False,False,,Holiday 13' Turnaround Fadeaway (4 PTS),16,34
0022100351,2021-12-05,TOR,WAS,2,8,21,TOR,TOR,fg3_make,1,False,False,Watanabe 24' 3PT Jump Shot (5 PTS) (Banton 3 AST),,16,37
0022100351,2021-12-05,TOR,WAS,2,8,10,WAS,TOR,foul,2,False,False,Boucher S.FOUL (P3.T1) (K.Fitzgerald),,16,37
0022100351,2021-12-05,TOR,WAS,2,8,10,WAS,WAS,ft_make,11,False,False,,Dinwiddie Free Throw 1 of 2 (3 PTS),17,37
0022100351,2021-12-05,TOR,WAS,2,8,10,WAS,WAS,ft_make,12,False,False,,Dinwiddie Free Throw 2 of 2 (4 PTS),18,37
0022100351,2021-12-05,TOR,WAS,2,7,58,TOR,TOR,fg_miss,101,False,False,MISS Banton 7' Driving Floating Jump Shot,,18,37
0022100351,2021-12-05,TOR,WAS,2,7,56,TOR,TOR,reb,0,False,False,Barnes REBOUND (Off:1 Def:3),,18,37
0022100351,2021-12-05,TOR,WAS,2,7,47,TOR,TOR,fg3_make,1,False,False,Banton 26' 3PT Jump Shot (5 PTS) (Barnes 1 AST),,18,40
0022100351,2021-12-05,TOR,WAS,2,7,35,WAS,WAS,fg_miss,73,False,False,,MISS Dinwiddie 2' Driving Reverse Layup,18,40
0022100351,2021-12-05,TOR,WAS,2,7,35,TOR,TOR,reb,0,False,False,Barnes REBOUND (Off:1 Def:4),,18,40
0022100351,2021-12-05,TOR,WAS,2,7,35,TOR,WAS,foul,1,False,False,,Gafford P.FOUL (P3.T3) (M.Dagher),18,40
0022100351,2021-12-05,TOR,WAS,2,7,23,TOR,TOR,fg3_miss,1,False,False,MISS Banton 26' 3PT Jump Shot,,18,40
0022100351,2021-12-05,TOR,WAS,2,7,20,WAS,WAS,reb,0,False,False,,Harrell REBOUND (Off:1 Def:6),18,40
0022100351,2021-12-05,TOR,WAS,2,7,11,WAS,TOR,foul,2,False,False,Barnes S.FOUL (P1.T2) (T.Ford),,18,40
0022100351,2021-12-05,TOR,WAS,2,7,11,WAS,WAS,ft_make,11,False,False,,Caldwell-Pope Free Throw 1 of 2 (3 PTS),19,40
0022100351,2021-12-05,TOR,WAS,2,7,11,WAS,WAS,ft_make,12,False,False,,Caldwell-Pope Free Throw 2 of 2 (4 PTS),20,40
0022100351,2021-12-05,TOR,WAS,2,6,57,TOR,TOR,fg_make,98,False,False,Siakam 1' Cutting Layup Shot (9 PTS) (Achiuwa 1 AST),,20,42
0022100351,2021-12-05,TOR,WAS,2,6,42,WAS,WAS,tov,40,False,False,,Caldwell-Pope Out of Bounds Lost Ball Turnover (P2.T4),20,42
0022100351,2021-12-05,TOR,WAS,2,6,33,TOR,TOR,fg_miss,57,False,False,MISS VanVleet 6' Driving Hook Shot,,20,42
0022100351,2021-12-05,TOR,WAS,2,6,31,TOR,TOR,reb,0,False,False,Siakam REBOUND (Off:1 Def:3),,20,42
0022100351,2021-12-05,TOR,WAS,2,6,26,TOR,TOR,fg_miss,6,True,False,MISS Barnes 4' Driving Layup,,20,42
0022100351,2021-12-05,TOR,WAS,2,6,26,TOR,TOR,reb,0,False,False,RAPTORS Rebound,,20,42
0022100351,2021-12-05,TOR,WAS,2,6,26,TOR,WAS,block,6,True,False,block,block,20,42
0022100351,2021-12-05,TOR,WAS,2,6,22,TOR,TOR,fg3_miss,1,False,False,MISS VanVleet 25' 3PT Jump Shot,,20,42
0022100351,2021-12-05,TOR,WAS,2,6,19,WAS,WAS,reb,0,False,False,,Kuzma REBOUND (Off:0 Def:3),20,42
0022100351,2021-12-05,TOR,WAS,2,6,6,WAS,WAS,fg_make,101,False,False,,Kuzma 6' Driving Floating Jump Shot (2 PTS) (Harrell 2 AST),22,42
0022100351,2021-12-05,TOR,WAS,2,5,53,TOR,TOR,fg_make,79,False,False,Siakam 20' Pullup Jump Shot (11 PTS),,22,44
0022100351,2021-12-05,TOR,WAS,2,5,39,WAS,WAS,fg_make,7,False,False,,Harrell 2' Dunk (2 PTS) (Kuzma 1 AST),24,44
0022100351,2021-12-05,TOR,WAS,2,5,26,TOR,TOR,fg_miss,80,False,False,MISS VanVleet 12' Step Back Jump Shot,,24,44
0022100351,2021-12-05,TOR,WAS,2,5,22,TOR,TOR,reb,0,False,False,Mykhailiuk REBOUND (Off:2 Def:1),,24,44
0022100351,2021-12-05,TOR,WAS,2,5,20,TOR,WAS,foul,2,False,False,,Harrell S.FOUL (P2.T4) (K.Fitzgerald),24,44
0022100351,2021-12-05,TOR,WAS,2,5,20,TOR,TOR,ft_make,11,False,False,Mykhailiuk Free Throw 1 of 2 (4 PTS),,24,45
0022100351,2021-12-05,TOR,WAS,2,5,20,TOR,TOR,ft_make,12,False,False,Mykhailiuk Free Throw 2 of 2 (5 PTS),,24,46
0022100351,2021-12-05,TOR,WAS,2,5,7,WAS,WAS,tov,1,False,True,,Harrell Bad Pass Turnover (P1.T5),24,46
0022100351,2021-12-05,TOR,WAS,2,5,7,WAS,TOR,steal,1,False,True,steal,steal,24,46
0022100351,2021-12-05,TOR,WAS,2,4,59,TOR,TOR,fg3_make,1,False,False,Siakam 27' 3PT Jump Shot (14 PTS) (Achiuwa 2 AST),,24,49
0022100351,2021-12-05,TOR,WAS,2,4,39,WAS,WAS,fg_miss,80,False,False,,MISS Beal 14' Step Back Jump Shot,24,49
0022100351,2021-12-05,TOR,WAS,2,4,36,TOR,TOR,reb,0,False,False,Trent Jr. REBOUND (Off:0 Def:3),,24,49
0022100351,2021-12-05,TOR,WAS,2,4,32,TOR,TOR,tov,2,False,True,VanVleet Lost Ball Turnover (P1.T1),,24,49
0022100351,2021-12-05,TOR,WAS,2,4,32,WAS,TOR,foul,28,False,False,VanVleet Personal Take Foul (P2.T3) (T.Ford),,24,49
0022100351,2021-12-05,TOR,WAS,2,4,32,TOR,WAS,steal,2,False,True,steal,steal,24,49
0022100351,2021-12-05,TOR,WAS,2,4,14,WAS,WAS,fg3_make,1,False,False,,Caldwell-Pope 24' 3PT Jump Shot (7 PTS) (Beal 2 AST),27,49
0022100351,2021-12-05,TOR,WAS,2,4,0,TOR,TOR,fg_make,86,False,False,Siakam 11' Turnaround Fadeaway (16 PTS),,27,51
0022100351,2021-12-05,TOR,WAS,2,3,40,WAS,WAS,fg_make,5,False,False,,Caldwell-Pope 4' Layup (9 PTS) (Kuzma 2 AST),29,51
0022100351,2021-12-05,TOR,WAS,2,3,22,TOR,TOR,fg_make,75,False,False,Siakam 3' Driving Finger Roll Layup (18 PTS),,29,53
0022100351,2021-12-05,TOR,WAS,2,3,4,WAS,WAS,fg_make,101,False,False,,Kuzma 9' Driving Floating Jump Shot (4 PTS) (Beal 3 AST),31,53
0022100351,2021-12-05,TOR,WAS,2,2,47,TOR,TOR,fg_miss,75,False,False,MISS VanVleet 3' Driving Finger Roll Layup,,31,53
0022100351,2021-12-05,TOR,WAS,2,2,46,WAS,WAS,reb,0,False,False,,Harrell REBOUND (Off:1 Def:7),31,53
0022100351,2021-12-05,TOR,WAS,2,2,39,WAS,WAS,fg3_make,1,False,False,,Kuzma 25' 3PT Jump Shot (7 PTS) (Beal 4 AST),34,53
0022100351,2021-12-05,TOR,WAS,2,2,37,TOR,TOR,timeout,1,False,False,RAPTORS Timeout: Regular (Full 2 Short 0),,34,53
0022100351,2021-12-05,TOR,WAS,2,2,25,TOR,TOR,fg_make,52,False,False,Achiuwa 2' Alley Oop Dunk (6 PTS) (VanVleet 3 AST),,34,55
0022100351,2021-12-05,TOR,WAS,2,1,58,WAS,WAS,fg_make,98,False,False,,Beal 1' Cutting Layup Shot (8 PTS) (Neto 1 AST),36,55
0022100351,2021-12-05,TOR,WAS,2,1,42,TOR,TOR,fg_make,80,False,False,Siakam 13' Step Back Jump Shot (20 PTS),,36,57
0022100351,2021-12-05,TOR,WAS,2,1,34,WAS,TOR,foul,1,False,False,Barnes P.FOUL (P2.T4) (T.Ford),,36,57
0022100351,2021-12-05,TOR,WAS,2,1,30,WAS,WAS,fg_miss,47,False,False,,MISS Kuzma 17' Turnaround Jump Shot,36,57
0022100351,2021-12-05,TOR,WAS,2,1,27,TOR,TOR,reb,0,False,False,Achiuwa REBOUND (Off:1 Def:6),,36,57
0022100351,2021-12-05,TOR,WAS,2,1,15,TOR,TOR,fg_make,1,False,False,Siakam 20' Jump Shot (22 PTS) (VanVleet 4 AST),,36,59
0022100351,2021-12-05,TOR,WAS,2,1,2,WAS,TOR,foul,2,False,False,Siakam S.FOUL (P1.PN) (T.Ford),,36,59
0022100351,2021-12-05,TOR,WAS,2,1,2,WAS,WAS,ft_miss,11,False,False,,MISS Neto Free Throw 1 of 2,36,59
0022100351,2021-12-05,TOR,WAS,2,1,2,WAS,WAS,reb,1,False,False,,Wizards Rebound,36,59
0022100351,2021-12-05,TOR,WAS,2,1,2,WAS,WAS,ft_make,12,False,False,,Neto Free Throw 2 of 2 (3 PTS),37,59
0022100351,2021-12-05,TOR,WAS,2,0,48,TOR,WAS,foul,1,False,False,,Kuzma P.FOUL (P1.PN) (K.Fitzgerald),37,59
0022100351,2021-12-05,TOR,WAS,2,0,48,TOR,TOR,ft_make,11,False,False,Siakam Free Throw 1 of 2 (23 PTS),,37,60
0022100351,2021-12-05,TOR,WAS,2,0,48,TOR,TOR,ft_make,12,False,False,Siakam Free Throw 2 of 2 (24 PTS),,37,61
0022100351,2021-12-05,TOR,WAS,2,0,35,WAS,WAS,fg3_make,1,False,False,,Neto 27' 3PT Jump Shot (6 PTS) (Beal 5 AST),40,61
0022100351,2021-12-05,TOR,WAS,2,0,27,TOR,TOR,fg_make,5,False,False,Barnes 3' Layup (4 PTS) (Siakam 2 AST),,40,63
0022100351,2021-12-05,TOR,WAS,2,0,7,WAS,TOR,foul,1,False,False,Siakam P.FOUL (P2.PN) (K.Fitzgerald),,40,63
0022100351,2021-12-05,TOR,WAS,2,0,7,WAS,WAS,ft_make,11,False,False,,Caldwell-Pope Free Throw 1 of 2 (10 PTS),41,63
0022100351,2021-12-05,TOR,WAS,2,0,7,WAS,WAS,ft_make,12,False,False,,Caldwell-Pope Free Throw 2 of 2 (11 PTS),42,63
0022100351,2021-12-05,TOR,WAS,2,0,1,TOR,TOR,tov,2,False,True,VanVleet Lost Ball Turnover (P2.T2),,42,63
0022100351,2021-12-05,TOR,WAS,2,0,1,TOR,WAS,steal,2,False,True,steal,steal,42,63
0022100351,2021-12-05,TOR,WAS,2,0,0,TOR,,period_end,0,False,False,,,42,63
0022100351,2021-12-05,TOR,WAS,3,12,0,TOR,,period_start,0,False,False,,,42,63
0022100351,2021-12-05,TOR,WAS,3,11,45,TOR,TOR,tov,45,False,False,Achiuwa Out of Bounds - Bad Pass Turnover Turnover (P1.T3),,42,63
0022100351,2021-12-05,TOR,WAS,3,11,45,WAS,TOR,violation,1,False,False,RAPTORS Violation: Delay of game Violation,,42,63
0022100351,2021-12-05,TOR,WAS,3,11,31,WAS,WAS,fg_make,108,False,False,,Gafford 1' Cutting Dunk Shot (2 PTS) (Beal 6 AST),44,63
0022100351,2021-12-05,TOR,WAS,3,11,10,TOR,TOR,fg_make,5,False,False,Siakam 5' Layup (26 PTS) (Trent Jr. 2 AST),,44,65
0022100351,2021-12-05,TOR,WAS,3,10,52,WAS,WAS,fg_miss,93,False,False,,MISS Kuzma 4' Driving Bank Hook Shot,44,65
0022100351,2021-12-05,TOR,WAS,3,10,49,TOR,TOR,reb,0,False,False,Achiuwa REBOUND (Off:1 Def:7),,44,65
0022100351,2021-12-05,TOR,WAS,3,10,42,TOR,TOR,fg_miss,86,False,False,MISS Siakam 11' Turnaround Fadeaway Shot,,44,65
0022100351,2021-12-05,TOR,WAS,3,10,39,TOR,TOR,reb,0,False,False,Achiuwa REBOUND (Off:2 Def:7),,44,65
0022100351,2021-12-05,TOR,WAS,3,10,36,TOR,TOR,fg_miss,5,True,False,MISS Achiuwa 4' Layup,,44,65
0022100351,2021-12-05,TOR,WAS,3,10,36,TOR,WAS,block,5,True,False,block,block,44,65
0022100351,2021-12-05,TOR,WAS,3,10,35,TOR,TOR,reb,0,False,False,RAPTORS Rebound,,44,65
0022100351,2021-12-05,TOR,WAS,3,10,30,TOR,TOR,fg_miss,101,False,False,MISS Trent Jr. 3' Driving Floating Jump Shot,,44,65
0022100351,2021-12-05,TOR,WAS,3,10,27,WAS,WAS,reb,0,False,False,,Dinwiddie REBOUND (Off:0 Def:3),44,65
0022100351,2021-12-05,TOR,WAS,3,10,15,WAS,WAS,fg_miss,63,False,False,,MISS Dinwiddie 14' Fadeaway Jumper,44,65
0022100351,2021-12-05,TOR,WAS,3,10,13,TOR,TOR,reb,0,False,False,Achiuwa REBOUND (Off:2 Def:8),,44,65
0022100351,2021-12-05,TOR,WAS,3,9,58,TOR,TOR,fg_make,9,False,False,Barnes 1' Driving Dunk (6 PTS),,44,67
0022100351,2021-12-05,TOR,WAS,3,9,38,WAS,WAS,fg3_miss,1,False,False,,MISS Kuzma 3PT Jump Shot,44,67
0022100351,2021-12-05,TOR,WAS,3,9,35,TOR,TOR,reb,0,False,False,Siakam REBOUND (Off:1 Def:4),,44,67
0022100351,2021-12-05,TOR,WAS,3,9,29,TOR,TOR,fg3_miss,1,False,False,MISS Trent Jr. 27' 3PT Jump Shot,,44,67
0022100351,2021-12-05,TOR,WAS,3,9,26,WAS,WAS,reb,0,False,False,,Gafford REBOUND (Off:1 Def:2),44,67
0022100351,2021-12-05,TOR,WAS,3,9,20,WAS,TOR,foul,1,False,False,Barnes P.FOUL (P3.T1) (T.Ford),,44,67
0022100351,2021-12-05,TOR,WAS,3,9,12,WAS,WAS,fg_make,75,False,False,,Dinwiddie 1' Driving Finger Roll Layup (6 PTS),46,67
0022100351,2021-12-05,TOR,WAS,3,8,54,TOR,TOR,fg_miss,78,False,False,MISS Achiuwa 8' Floating Jump Shot,,46,67
0022100351,2021-12-05,TOR,WAS,3,8,52,WAS,WAS,reb,0,False,False,,Gafford REBOUND (Off:1 Def:3),46,67
0022100351,2021-12-05,TOR,WAS,3,8,44,WAS,WAS,fg3_make,1,False,False,,Caldwell-Pope 24' 3PT Jump Shot (14 PTS) (Kuzma 3 AST),49,67
0022100351,2021-12-05,TOR,WAS,3,8,15,TOR,TOR,fg3_make,1,False,False,VanVleet 27' 3PT Jump Shot (5 PTS) (Trent Jr. 3 AST),,49,70
0022100351,2021-12-05,TOR,WAS,3,8,3,WAS,TOR,foul,1,False,False,VanVleet P.FOUL (P3.T2) (K.Fitzgerald),,49,70
0022100351,2021-12-05,TOR,WAS,3,7,45,WAS,WAS,fg_make,63,False,False,,Caldwell-Pope 13' Fadeaway Jumper (16 PTS),51,70
0022100351,2021-12-05,TOR,WAS,3,7,21,TOR,TOR,fg_miss,80,False,False,MISS Siakam 16' Step Back Jump Shot,,51,70
0022100351,2021-12-05,TOR,WAS,3,7,19,WAS,WAS,reb,0,False,False,,Gafford REBOUND (Off:1 Def:4),51,70
0022100351,2021-12-05,TOR,WAS,3,7,7,WAS,WAS,fg_miss,52,False,False,,MISS Gafford 1' Alley Oop Dunk,51,70
0022100351,2021-12-05,TOR,WAS,3,7,5,TOR,TOR,reb,0,False,False,Trent Jr. REBOUND (Off:0 Def:4),,51,70
0022100351,2021-12-05,TOR,WAS,3,7,1,TOR,TOR,fg_miss,57,True,False,MISS Siakam 4' Driving Hook Shot,,51,70
0022100351,2021-12-05,TOR,WAS,3,7,1,TOR,WAS,block,57,True,False,block,block,51,70
0022100351,2021-12-05,TOR,WAS,3,6,58,WAS,WAS,reb,0,False,False,,Gafford REBOUND (Off:1 Def:5),51,70
0022100351,2021-12-05,TOR,WAS,3,6,51,WAS,WAS,fg_make,79,False,False,,Caldwell-Pope 22' Pullup Jump Shot (18 PTS),53,70
0022100351,2021-12-05,TOR,WAS,3,6,40,TOR,WAS,foul,1,False,False,,Dinwiddie P.FOUL (P1.T1) (K.Fitzgerald),53,70
0022100351,2021-12-05,TOR,WAS,3,6,40,TOR,TOR,timeout,1,False,False,RAPTORS Timeout: Regular (Full 3 Short 0),,53,70
0022100351,2021-12-05,TOR,WAS,3,6,30,TOR,TOR,fg3_make,79,False,False,VanVleet 25' 3PT Pullup Jump Shot (8 PTS),,53,73
0022100351,2021-12-05,TOR,WAS,3,6,2,WAS,WAS,fg_miss,101,False,False,,MISS Dinwiddie 15' Driving Floating Jump Shot,53,73
0022100351,2021-12-05,TOR,WAS,3,6,0,WAS,WAS,reb,0,False,False,,Dinwiddie REBOUND (Off:1 Def:3),53,73
0022100351,2021-12-05,TOR,WAS,3,5,58,WAS,WAS,fg_make,78,False,False,,Kuzma 5' Floating Jump Shot (9 PTS) (Dinwiddie 1 AST),55,73
0022100351,2021-12-05,TOR,WAS,3,5,40,TOR,TOR,fg3_miss,1,False,False,MISS Barnes 3PT Jump Shot,,55,73
0022100351,2021-12-05,TOR,WAS,3,5,37,TOR,TOR,reb,0,False,False,Achiuwa REBOUND (Off:3 Def:8),,55,73
0022100351,2021-12-05,TOR,WAS,3,5,36,TOR,TOR,fg_make,78,False,False,Achiuwa 7' Floating Jump Shot (8 PTS),,55,75
0022100351,2021-12-05,TOR,WAS,3,5,12,WAS,TOR,foul,2,False,False,Trent Jr. S.FOUL (P1.T3) (T.Ford),,55,75
0022100351,2021-12-05,TOR,WAS,3,5,12,WAS,WAS,ft_make,13,False,False,,Beal Free Throw 1 of 3 (9 PTS),56,75
0022100351,2021-12-05,TOR,WAS,3,5,12,WAS,WAS,ft_make,14,False,False,,Beal Free Throw 2 of 3 (10 PTS),57,75
0022100351,2021-12-05,TOR,WAS,3,5,12,WAS,WAS,ft_make,15,False,False,,Beal Free Throw 3 of 3 (11 PTS),58,75
0022100351,2021-12-05,TOR,WAS,3,4,54,TOR,TOR,fg_miss,80,False,False,MISS Trent Jr. 19' Step Back Jump Shot,,58,75
0022100351,2021-12-05,TOR,WAS,3,4,50,WAS,WAS,reb,0,False,False,,Kuzma REBOUND (Off:0 Def:4),58,75
0022100351,2021-12-05,TOR,WAS,3,4,43,WAS,WAS,fg3_make,80,False,False,,Caldwell-Pope 24' 3PT Step Back Jump Shot (21 PTS) (Beal 7 AST),61,75
0022100351,2021-12-05,TOR,WAS,3,4,27,TOR,WAS,foul,1,False,False,,Caldwell-Pope P.FOUL (P2.T2) (T.Ford),61,75
0022100351,2021-12-05,TOR,WAS,3,4,23,TOR,TOR,fg_make,108,False,False,Boucher 2' Cutting Dunk Shot (8 PTS) (Banton 4 AST),,61,77
0022100351,2021-12-05,TOR,WAS,3,4,23,TOR,WAS,foul,2,False,False,,Gafford S.FOUL (P4.T3) (M.Dagher),61,77
0022100351,2021-12-05,TOR,WAS,3,4,23,TOR,TOR,ft_make,10,False,False,Boucher Free Throw 1 of 1 (9 PTS),,61,78
0022100351,2021-12-05,TOR,WAS,3,4,9,WAS,WAS,fg_make,75,False,False,,Beal 1' Driving Finger Roll Layup (13 PTS),63,78
0022100351,2021-12-05,TOR,WAS,3,3,56,WAS,TOR,foul,4,False,False,Achiuwa OFF.Foul (P2) (T.Ford),,63,78
0022100351,2021-12-05,TOR,WAS,3,3,56,TOR,TOR,tov,37,False,False,Achiuwa Offensive Foul Turnover (P2.T4),,63,78
0022100351,2021-12-05,TOR,WAS,3,3,41,WAS,WAS,fg3_make,1,False,False,,Neto 3PT Jump Shot (9 PTS) (Avdija 1 AST),66,78
0022100351,2021-12-05,TOR,WAS,3,3,22,WAS,TOR,foul,4,False,False,VanVleet OFF.Foul (P4) (K.Fitzgerald),,66,78
0022100351,2021-12-05,TOR,WAS,3,3,22,TOR,TOR,tov,37,False,False,VanVleet Offensive Foul Turnover (P3.T5),,66,78
0022100351,2021-12-05,TOR,WAS,3,3,6,WAS,WAS,fg3_miss,1,False,False,,MISS Neto 3PT Jump Shot,66,78
0022100351,2021-12-05,TOR,WAS,3,3,2,TOR,TOR,reb,0,False,False,Banton REBOUND (Off:0 Def:1),,66,78
0022100351,2021-12-05,TOR,WAS,3,2,51,TOR,TOR,fg_make,44,False,False,Boucher 2' Reverse Layup (11 PTS) (Siakam 3 AST),,66,80
0022100351,2021-12-05,TOR,WAS,3,2,38,WAS,WAS,fg_make,43,False,False,,Harrell 2' Alley Oop Layup (4 PTS) (Kuzma 4 AST),68,80
0022100351,2021-12-05,TOR,WAS,3,2,15,TOR,WAS,foul,1,False,False,,Avdija P.FOUL (P1.T4) (K.Fitzgerald),68,80
0022100351,2021-12-05,TOR,WAS,3,2,15,WAS,WAS,timeout,1,False,False,,Wizards Timeout: Regular (Reg.3 Short 0),68,80
0022100351,2021-12-05,TOR,WAS,3,2,11,TOR,TOR,fg_make,79,False,False,Barnes 19' Pullup Jump Shot (8 PTS),,68,82
0022100351,2021-12-05,TOR,WAS,3,1,49,WAS,WAS,fg_miss,75,False,False,,MISS Beal 1' Driving Finger Roll Layup,68,82
0022100351,2021-12-05,TOR,WAS,3,1,46,TOR,TOR,reb,0,False,False,Siakam REBOUND (Off:1 Def:5),,68,82
0022100351,2021-12-05,TOR,WAS,3,1,36,TOR,TOR,fg_miss,79,False,False,MISS Banton 16' Pullup Jump Shot,,68,82
0022100351,2021-12-05,TOR,WAS,3,1,33,WAS,WAS,reb,0,False,False,,Neto REBOUND (Off:0 Def:2),68,82
0022100351,2021-12-05,TOR,WAS,3,1,23,WAS,WAS,fg3_miss,1,False,False,,MISS Bertans 27' 3PT Jump Shot,68,82
0022100351,2021-12-05,TOR,WAS,3,1,19,TOR,TOR,reb,0,False,False,Boucher REBOUND (Off:1 Def:4),,68,82
0022100351,2021-12-05,TOR,WAS,3,1,2,TOR,TOR,fg_make,79,False,False,Barnes 12' Pullup Jump Shot (10 PTS),,68,84
0022100351,2021-12-05,TOR,WAS,3,0,52,WAS,WAS,fg_miss,80,False,False,,MISS Beal 16' Step Back Jump Shot,68,84
0022100351,2021-12-05,TOR,WAS,3,0,50,TOR,TOR,reb,0,False,False,Banton REBOUND (Off:0 Def:2),,68,84
0022100351,2021-12-05,TOR,WAS,3,0,36,TOR,TOR,fg_miss,80,False,False,MISS Siakam 19' Step Back Jump Shot,,68,84
0022100351,2021-12-05,TOR,WAS,3,0,32,WAS,WAS,reb,0,False,False,,Harrell REBOUND (Off:1 Def:8),68,84
0022100351,2021-12-05,TOR,WAS,3,0,11,WAS,WAS,fg_miss,63,False,False,,MISS Neto 16' Fadeaway Jumper,68,84
0022100351,2021-12-05,TOR,WAS,3,0,8,TOR,TOR,reb,0,False,False,Barnes REBOUND (Off:1 Def:5),,68,84
0022100351,2021-12-05,TOR,WAS,3,0,3,TOR,TOR,fg3_miss,1,False,False,MISS Watanabe 26' 3PT Jump Shot,,68,84
0022100351,2021-12-05,TOR,WAS,3,0,0,WAS,WAS,reb,0,False,False,,Bertans REBOUND (Off:0 Def:1),68,84
0022100351,2021-12-05,TOR,WAS,3,0,0,WAS,WAS,fg3_miss,2,False,False,,MISS Bertans 71' 3PT Running Jump Shot,68,84
0022100351,2021-12-05,TOR,WAS,3,0,0,WAS,WAS,reb,0,False,False,,Wizards Rebound,68,84
0022100351,2021-12-05,TOR,WAS,3,0,0,WAS,,period_end,0,False,False,,,68,84
0022100351,2021-12-05,TOR,WAS,4,12,0,WAS,,period_start,0,False,False,,,68,84
0022100351,2021-12-05,TOR,WAS,4,11,35,WAS,WAS,fg3_miss,63,False,False,,MISS Bertans 29' 3PT Fadeaway Jumper,68,84
0022100351,2021-12-05,TOR,WAS,4,11,32,TOR,TOR,reb,0,False,False,Banton REBOUND (Off:0 Def:3),,68,84
0022100351,2021-12-05,TOR,WAS,4,11,18,TOR,WAS,foul,2,False,False,,Avdija S.FOUL (P2.T1) (T.Ford),68,84
0022100351,2021-12-05,TOR,WAS,4,11,18,TOR,TOR,ft_make,11,False,False,Barnes Free Throw 1 of 2 (11 PTS),,68,85
0022100351,2021-12-05,TOR,WAS,4,11,18,TOR,TOR,ft_miss,12,False,False,MISS Barnes Free Throw 2 of 2,,68,85
0022100351,2021-12-05,TOR,WAS,4,11,15,WAS,WAS,reb,0,False,False,,Harrell REBOUND (Off:1 Def:9),68,85
0022100351,2021-12-05,TOR,WAS,4,10,57,WAS,WAS,tov,45,False,False,,Harrell Out of Bounds - Bad Pass Turnover Turnover (P2.T6),68,85
0022100351,2021-12-05,TOR,WAS,4,10,36,TOR,TOR,fg_miss,9,True,False,MISS Watanabe 2' Driving Dunk,,68,85
0022100351,2021-12-05,TOR,WAS,4,10,36,TOR,WAS,block,9,True,False,block,block,68,85
0022100351,2021-12-05,TOR,WAS,4,10,33,WAS,WAS,reb,0,False,False,,Avdija REBOUND (Off:0 Def:1),68,85
0022100351,2021-12-05,TOR,WAS,4,10,17,WAS,WAS,fg_miss,101,False,False,,MISS Dinwiddie 8' Driving Floating Jump Shot,68,85
0022100351,2021-12-05,TOR,WAS,4,10,14,WAS,WAS,reb,0,False,False,,Harrell REBOUND (Off:2 Def:9),68,85
0022100351,2021-12-05,TOR,WAS,4,10,14,WAS,WAS,fg_make,97,False,False,,Harrell Tip Layup Shot (6 PTS),70,85
0022100351,2021-12-05,TOR,WAS,4,9,56,TOR,TOR,fg_make,98,False,False,Boucher 1' Cutting Layup Shot (13 PTS) (Banton 5 AST),,70,87
0022100351,2021-12-05,TOR,WAS,4,9,47,TOR,WAS,foul,4,False,False,,Dinwiddie OFF.Foul (P2) (K.Fitzgerald),70,87
0022100351,2021-12-05,TOR,WAS,4,9,47,WAS,WAS,tov,37,False,False,,Dinwiddie Offensive Foul Turnover (P1.T7),70,87
0022100351,2021-12-05,TOR,WAS,4,9,28,TOR,TOR,fg_make,98,False,False,Watanabe 2' Cutting Layup Shot (7 PTS) (Banton 6 AST),,70,89
0022100351,2021-12-05,TOR,WAS,4,9,17,WAS,TOR,foul,1,False,False,Banton P.FOUL (P1.T1) (T.Ford),,70,89
0022100351,2021-12-05,TOR,WAS,4,9,9,WAS,WAS,fg_make,78,False,False,,Bertans 6' Floating Jump Shot (2 PTS),72,89
0022100351,2021-12-05,TOR,WAS,4,8,54,TOR,TOR,tov,4,False,False,Barnes Traveling Turnover (P1.T6),,72,89
0022100351,2021-12-05,TOR,WAS,4,8,34,WAS,TOR,foul,2,False,False,Boucher S.FOUL (P4.T2) (K.Fitzgerald),,72,89
0022100351,2021-12-05,TOR,WAS,4,8,34,WAS,WAS,ft_miss,11,False,False,,MISS Dinwiddie Free Throw 1 of 2,72,89
0022100351,2021-12-05,TOR,WAS,4,8,34,WAS,WAS,reb,1,False,False,,Wizards Rebound,72,89
0022100351,2021-12-05,TOR,WAS,4,8,34,WAS,WAS,ft_make,12,False,False,,Dinwiddie Free Throw 2 of 2 (7 PTS),73,89
0022100351,2021-12-05,TOR,WAS,4,8,15,TOR,WAS,foul,2,False,False,,Harrell S.FOUL (P3.T2) (T.Ford),73,89
0022100351,2021-12-05,TOR,WAS,4,8,15,WAS,WAS,timeout,1,False,False,,Wizards Timeout: Regular (Reg.4 Short 0),73,89
0022100351,2021-12-05,TOR,WAS,4,8,15,TOR,TOR,ft_miss,13,False,False,MISS Boucher Free Throw 1 of 3,,73,89
0022100351,2021-12-05,TOR,WAS,4,8,15,TOR,TOR,reb,1,False,False,RAPTORS Rebound,,73,89
0022100351,2021-12-05,TOR,WAS,4,8,15,TOR,TOR,ft_make,14,False,False,Boucher Free Throw 2 of 3 (14 PTS),,73,90
0022100351,2021-12-05,TOR,WAS,4,8,15,TOR,TOR,ft_miss,15,False,False,MISS Boucher Free Throw 3 of 3,,73,90
0022100351,2021-12-05,TOR,WAS,4,8,12,WAS,WAS,reb,0,False,False,,Harrell REBOUND (Off:2 Def:10),73,90
0022100351,2021-12-05,TOR,WAS,4,7,58,WAS,WAS,fg_miss,6,False,False,,MISS Dinwiddie 2' Driving Layup,73,90
0022100351,2021-12-05,TOR,WAS,4,7,56,WAS,WAS,reb,0,False,False,,Harrell REBOUND (Off:3 Def:10),73,90
0022100351,2021-12-05,TOR,WAS,4,7,56,WAS,TOR,foul,2,False,False,Banton S.FOUL (P2.T3) (T.Ford),,73,90
0022100351,2021-12-05,TOR,WAS,4,7,56,WAS,WAS,ft_miss,11,False,False,,MISS Harrell Free Throw 1 of 2,73,90
0022100351,2021-12-05,TOR,WAS,4,7,56,WAS,WAS,reb,1,False,False,,Wizards Rebound,73,90
0022100351,2021-12-05,TOR,WAS,4,7,56,WAS,WAS,ft_miss,12,False,False,,MISS Harrell Free Throw 2 of 2,73,90
0022100351,2021-12-05,TOR,WAS,4,7,54,TOR,TOR,reb,0,False,False,Watanabe REBOUND (Off:0 Def:2),,73,90
0022100351,2021-12-05,TOR,WAS,4,7,40,TOR,TOR,fg_miss,86,False,False,MISS Barnes 8' Turnaround Fadeaway Shot,,73,90
0022100351,2021-12-05,TOR,WAS,4,7,38,WAS,WAS,reb,0,False,False,,Harrell REBOUND (Off:3 Def:11),73,90
0022100351,2021-12-05,TOR,WAS,4,7,27,WAS,WAS,fg3_make,1,False,False,,Caldwell-Pope 24' 3PT Jump Shot (24 PTS) (Dinwiddie 2 AST),76,90
0022100351,2021-12-05,TOR,WAS,4,7,8,TOR,TOR,fg_miss,79,False,False,MISS Trent Jr. 17' Pullup Jump Shot,,76,90
0022100351,2021-12-05,TOR,WAS,4,7,4,WAS,WAS,reb,0,False,False,,Kuzma REBOUND (Off:0 Def:5),76,90
0022100351,2021-12-05,TOR,WAS,4,6,55,WAS,WAS,fg_make,71,False,False,,Dinwiddie Finger Roll Layup (9 PTS),78,90
0022100351,2021-12-05,TOR,WAS,4,6,41,TOR,TOR,fg_make,79,False,False,VanVleet 16' Pullup Jump Shot (10 PTS),,78,92
0022100351,2021-12-05,TOR,WAS,4,6,25,WAS,WAS,fg_miss,101,False,False,,MISS Kuzma 10' Driving Floating Jump Shot,78,92
0022100351,2021-12-05,TOR,WAS,4,6,23,TOR,TOR,reb,0,False,False,Boucher REBOUND (Off:1 Def:5),,78,92
0022100351,2021-12-05,TOR,WAS,4,6,22,TOR,WAS,foul,28,False,False,,Caldwell-Pope Personal Take Foul (P3.T3) (K.Fitzgerald),78,92
0022100351,2021-12-05,TOR,WAS,4,6,12,TOR,WAS,foul,1,False,False,,Dinwiddie P.FOUL (P3.T4) (K.Fitzgerald),78,92
0022100351,2021-12-05,TOR,WAS,4,5,59,TOR,WAS,foul,2,False,False,,Caldwell-Pope S.FOUL (P4.PN) (M.Dagher),78,92
0022100351,2021-12-05,TOR,WAS,4,5,59,TOR,TOR,ft_make,11,False,False,Siakam Free Throw 1 of 2 (27 PTS),,78,93
0022100351,2021-12-05,TOR,WAS,4,5,59,TOR,TOR,ft_miss,12,False,False,MISS Siakam Free Throw 2 of 2,,78,93
0022100351,2021-12-05,TOR,WAS,4,5,57,WAS,WAS,reb,0,False,False,,Kuzma REBOUND (Off:0 Def:6),78,93
0022100351,2021-12-05,TOR,WAS,4,5,47,WAS,WAS,fg3_miss,1,False,False,,MISS Beal 26' 3PT Jump Shot,78,93
0022100351,2021-12-05,TOR,WAS,4,5,44,TOR,TOR,reb,0,False,False,Achiuwa REBOUND (Off:3 Def:9),,78,93
0022100351,2021-12-05,TOR,WAS,4,5,33,TOR,WAS,foul,2,False,False,,Kuzma S.FOUL (P2.PN) (K.Fitzgerald),78,93
0022100351,2021-12-05,TOR,WAS,4,5,33,TOR,TOR,ft_make,11,False,False,Siakam Free Throw 1 of 2 (28 PTS),,78,94
0022100351,2021-12-05,TOR,WAS,4,5,33,TOR,TOR,ft_make,12,False,False,Siakam Free Throw 2 of 2 (29 PTS),,78,95
0022100351,2021-12-05,TOR,WAS,4,5,22,WAS,TOR,foul,2,False,False,Trent Jr. S.FOUL (P2.T4) (K.Fitzgerald),,78,95
0022100351,2021-12-05,TOR,WAS,4,5,22,WAS,WAS,ft_miss,11,False,False,,MISS Beal Free Throw 1 of 2,78,95
0022100351,2021-12-05,TOR,WAS,4,5,22,WAS,WAS,reb,1,False,False,,Wizards Rebound,78,95
0022100351,2021-12-05,TOR,WAS,4,5,22,WAS,WAS,ft_make,12,False,False,,Beal Free Throw 2 of 2 (14 PTS),79,95
0022100351,2021-12-05,TOR,WAS,4,5,6,TOR,TOR,fg3_miss,1,False,False,MISS Trent Jr. 26' 3PT Jump Shot,,79,95
0022100351,2021-12-05,TOR,WAS,4,5,3,WAS,WAS,reb,0,False,False,,Kuzma REBOUND (Off:0 Def:7),79,95
0022100351,2021-12-05,TOR,WAS,4,4,58,TOR,WAS,foul,4,False,False,,Gafford OFF.Foul (P5) (T.Ford),79,95
0022100351,2021-12-05,TOR,WAS,4,4,58,WAS,WAS,tov,37,False,False,,Gafford Offensive Foul Turnover (P2.T8),79,95
0022100351,2021-12-05,TOR,WAS,4,4,58,TOR,TOR,timeout,1,False,False,RAPTORS Timeout: Regular (Full 4 Short 0),,79,95
0022100351,2021-12-05,TOR,WAS,4,4,46,TOR,TOR,tov,1,False,True,VanVleet Bad Pass Turnover (P4.T7),,79,95
0022100351,2021-12-05,TOR,WAS,4,4,46,TOR,WAS,steal,1,False,True,steal,steal,79,95
0022100351,2021-12-05,TOR,WAS,4,4,39,WAS,TOR,foul,2,False,False,Barnes S.FOUL (P4.PN) (M.Dagher),,79,95
0022100351,2021-12-05,TOR,WAS,4,4,39,WAS,WAS,ft_make,11,False,False,,Caldwell-Pope Free Throw 1 of 2 (25 PTS),80,95
0022100351,2021-12-05,TOR,WAS,4,4,39,WAS,WAS,ft_make,12,False,False,,Caldwell-Pope Free Throw 2 of 2 (26 PTS),81,95
0022100351,2021-12-05,TOR,WAS,4,4,23,TOR,TOR,fg3_miss,1,False,False,MISS VanVleet 26' 3PT Jump Shot,,81,95
0022100351,2021-12-05,TOR,WAS,4,4,17,TOR,TOR,reb,0,False,False,Achiuwa REBOUND (Off:4 Def:9),,81,95
0022100351,2021-12-05,TOR,WAS,4,4,15,TOR,TOR,fg_make,9,False,False,Achiuwa 1' Driving Dunk (10 PTS),,81,97
0022100351,2021-12-05,TOR,WAS,4,3,53,WAS,TOR,foul,1,False,False,Barnes P.FOUL (P5.PN) (M.Dagher),,81,97
0022100351,2021-12-05,TOR,WAS,4,3,53,WAS,WAS,ft_make,11,False,False,,Gafford Free Throw 1 of 2 (3 PTS),82,97
0022100351,2021-12-05,TOR,WAS,4,3,53,WAS,WAS,ft_make,12,False,False,,Gafford Free Throw 2 of 2 (4 PTS),83,97
0022100351,2021-12-05,TOR,WAS,4,3,37,TOR,TOR,fg_make,80,False,False,Siakam 13' Step Back Jump Shot (31 PTS),,83,99
0022100351,2021-12-05,TOR,WAS,4,3,37,WAS,WAS,timeout,1,False,False,,Wizards Timeout: Regular (Reg.5 Short 0),83,99
0022100351,2021-12-05,TOR,WAS,4,3,23,WAS,WAS,fg_make,98,False,False,,Gill 1' Cutting Layup Shot (2 PTS) (Kispert 1 AST),85,99
0022100351,2021-12-05,TOR,WAS,4,3,5,TOR,TOR,fg_miss,80,False,False,MISS Siakam 10' Step Back Jump Shot,,85,99
0022100351,2021-12-05,TOR,WAS,4,3,3,WAS,WAS,reb,0,False,False,,Ayayi REBOUND (Off:0 Def:1),85,99
0022100351,2021-12-05,TOR,WAS,4,2,52,WAS,TOR,foul,2,False,False,VanVleet S.FOUL (P5.PN) (M.Dagher),,85,99
0022100351,2021-12-05,TOR,WAS,4,2,52,WAS,WAS,ft_make,11,False,False,,Gill Free Throw 1 of 2 (3 PTS),86,99
0022100351,2021-12-05,TOR,WAS,4,2,52,WAS,WAS,ft_miss,12,False,False,,MISS Gill Free Throw 2 of 2,86,99
0022100351,2021-12-05,TOR,WAS,4,2,49,TOR,TOR,reb,0,False,False,Achiuwa REBOUND (Off:4 Def:10),,86,99
0022100351,2021-12-05,TOR,WAS,4,2,32,TOR,TOR,fg_miss,80,False,False,MISS Siakam 16' Step Back Jump Shot,,86,99
0022100351,2021-12-05,TOR,WAS,4,2,31,WAS,WAS,reb,0,False,False,,Gill REBOUND (Off:0 Def:1),86,99
0022100351,2021-12-05,TOR,WAS,4,2,30,WAS,TOR,foul,1,False,False,Siakam P.FOUL (P3.PN) (M.Dagher),,86,99
0022100351,2021-12-05,TOR,WAS,4,2,30,WAS,WAS,ft_make,11,False,False,,Winston Free Throw 1 of 2 (1 PTS),87,99
0022100351,2021-12-05,TOR,WAS,4,2,30,WAS,WAS,ft_make,12,False,False,,Winston Free Throw 2 of 2 (2 PTS),88,99
0022100351,2021-12-05,TOR,WAS,4,2,13,TOR,TOR,fg3_miss,1,False,False,MISS Achiuwa 26' 3PT Jump Shot,,88,99
0022100351,2021-12-05,TOR,WAS,4,2,10,WAS,WAS,reb,0,False,False,,Gill REBOUND (Off:0 Def:2),88,99
0022100351,2021-12-05,TOR,WAS,4,1,56,WAS,WAS,tov,1,False,True,,Winston Bad Pass Turnover (P1.T9),88,99
0022100351,2021-12-05,TOR,WAS,4,1,56,WAS,TOR,steal,1,False,True,steal,steal,88,99
0022100351,2021-12-05,TOR,WAS,4,1,34,TOR,TOR,tov,2,False,True,Siakam Lost Ball Turnover (P1.T8),,88,99
0022100351,2021-12-05,TOR,WAS,4,1,34,TOR,WAS,steal,2,False,True,steal,steal,88,99
0022100351,2021-12-05,TOR,WAS,4,1,31,WAS,WAS,tov,45,False,False,,Todd Out of Bounds - Bad Pass Turnover Turnover (P1.T10),88,99
0022100351,2021-12-05,TOR,WAS,4,1,16,TOR,TOR,fg_make,101,False,False,Champagnie 7' Driving Floating Jump Shot (2 PTS) (Mykhailiuk 1 AST),,88,101
0022100351,2021-12-05,TOR,WAS,4,1,6,WAS,WAS,fg3_miss,1,False,False,,MISS Kispert 27' 3PT Jump Shot,88,101
0022100351,2021-12-05,TOR,WAS,4,1,2,TOR,TOR,reb,0,False,False,Mykhailiuk REBOUND (Off:2 Def:2),,88,101
0022100351,2021-12-05,TOR,WAS,4,1,0,TOR,WAS,foul,2,False,False,,Todd S.FOUL (P1.PN) (M.Dagher),88,101
0022100351,2021-12-05,TOR,WAS,4,1,0,TOR,TOR,ft_miss,11,False,False,MISS Bonga Free Throw 1 of 2,,88,101
0022100351,2021-12-05,TOR,WAS,4,1,0,TOR,TOR,reb,1,False,False,RAPTORS Rebound,,88,101
0022100351,2021-12-05,TOR,WAS,4,1,0,TOR,TOR,ft_make,12,False,False,Bonga Free Throw 2 of 2 (1 PTS),,88,102
0022100351,2021-12-05,TOR,WAS,4,0,49,WAS,TOR,foul,1,False,False,Bonga P.FOUL (P1.PN) (T.Ford),,88,102
0022100351,2021-12-05,TOR,WAS,4,0,49,WAS,WAS,ft_make,11,False,False,,Gill Free Throw 1 of 2 (4 PTS),89,102
0022100351,2021-12-05,TOR,WAS,4,0,49,WAS,WAS,ft_make,12,False,False,,Gill Free Throw 2 of 2 (5 PTS),90,102
0022100351,2021-12-05,TOR,WAS,4,0,37,TOR,TOR,fg3_miss,1,False,False,MISS Johnson 26' 3PT Jump Shot,,90,102
0022100351,2021-12-05,TOR,WAS,4,0,34,TOR,TOR,reb,0,False,False,Bonga REBOUND (Off:1 Def:0),,90,102
0022100351,2021-12-05,TOR,WAS,4,0,27,TOR,TOR,fg_miss,86,False,False,MISS Mykhailiuk 13' Turnaround Fadeaway Shot,,90,102
0022100351,2021-12-05,TOR,WAS,4,0,22,WAS,WAS,reb,0,False,False,,Gill REBOUND (Off:0 Def:3),90,102
0022100351,2021-12-05,TOR,WAS,4,0,19,WAS,WAS,fg3_miss,103,False,False,,MISS Winston 26' 3PT Running Pull-Up Jump Shot,90,102
0022100351,2021-12-05,TOR,WAS,4,0,15,WAS,WAS,reb,0,False,False,,Todd REBOUND (Off:1 Def:0),90,102
0022100351,2021-12-05,TOR,WAS,4,0,14,WAS,WAS,fg_miss,72,False,False,,MISS Todd 2' Putback Layup,90,102
0022100351,2021-12-05,TOR,WAS,4,0,12,TOR,TOR,reb,0,False,False,Flynn REBOUND (Off:0 Def:1),,90,102
0022100351,2021-12-05,TOR,WAS,4,0,0,TOR,,period_end,0,False,False,,,90,102
